kp_hash,videoId,title,lengthSeconds,channelId,author,keywords,publish_date,thumbnail,official
53c8bebcbb914e1233ebe96511e0e8cc,https://youtu.be/C9xj1M3ci_I,ã€æ–°å¤¥ä¼´è¿«å®³å¤§æœƒã€‘ç¥ç¨»æ«»ç«è¦å‡ºé“LA #ææéˆ´è˜­ #ç‘ªæ ¼éº—ç‰¹æº«ç‰¹æ–¯ #æ‚ ç™½ #é›²éš›ç·š,6485,UCxWAL-c1psONO_DfG-cq2iA,ææéˆ´è˜­ / Linglan Lily ã€Cloud Horizonæ‰€å±¬ã€‘,"éˆ´è˜­, ææéˆ´è˜­, æ‚ ç™½, é›²éš›ç·š, Vtuber, å°V, æµ®é›², æ¡Œè§’, ç‘ªæ ¼éº—ç‰¹, ç¥ç¨»æ«»ç«, ç²è˜­, éˆ´åµ, é™µè˜­, æéˆ´åµ",2021-10-24,https://i.ytimg.com/vi/C9xj1M3ci_I/mqdefault.jpg?v=6171290d,TRUE
cc64f7589aa2317d8889b49a0c7f4ce7,https://youtu.be/LzYe_KxP368,ã€ç¥ç¨»æ«»ç«ã€‘ç«ç«çš„èµ·åºŠé¬§éˆ´,15,UCbi5-wQAHW_5Qanip1AV-Jg,ç¬¨å…”Bantu,,2021-10-25,https://i.ytimg.com/vi/LzYe_KxP368/mqdefault.jpg,FALSE
837224befad37f54c1fd8297057f4a0d,https://youtu.be/3zj5QLfFBe8,çç ç¾äººé­šâ€”æ¸…å”±ç‰‡æ®µã€ç¥ç¨»æ«»ç«KAMIINA HARUHIã€‘,140,UCQDfSq2olroE1XXb5wM8GkQ,é‹é‹ãƒãƒƒãƒˆ,"#ç¥ç¨»æ«»ç«, #é›²éš›ç·š, #æ—©å®‰å‘±å‘±, #å°ç£Vtuber, #æ–°äººVtuber, #kamiinaHaruhi, #æ«»ç«",2021-10-29,https://i.ytimg.com/vi/3zj5QLfFBe8/mqdefault.jpg,FALSE
5c687647d7f7d66a77ec0be5b1f2f1df,https://youtu.be/8ZuvqlLO8rU,ï¼»#ç¥ç¨»æ«»ç«åˆé…ä¿¡ï¼½æ·šäº†(æ›¾æ²›æ…ˆ)[ç¥ç¨»æ«»ç«KAMIINA HARUHI],269,UCQDfSq2olroE1XXb5wM8GkQ,é‹é‹ãƒãƒƒãƒˆ,"#æ«»ç«åˆé…ä¿¡, #å°V, #ç¥ç¨»æ«»ç«, #é›²éš›ç·š",2021-10-24,https://i.ytimg.com/vi/8ZuvqlLO8rU/mqdefault.jpg,FALSE
aa6aadde8a011f738982de1c65934ba7,https://youtu.be/IzdTeiirKoE,ã€ç¥ç¨»æ«»ç«ç²¾è¯ã€‘ç«ç«ä¸€å¤§æ—©å°±çµ¦å¤§å®¶é™æ™ºæ‰“æ“Š è«‹å•é€™ç®—æ­Œå›å—,203,UCg62Aw5bxrbkrm2SJ0vKolQ,kiru kiru,,2021-11-15,https://i.ytimg.com/vi/IzdTeiirKoE/mqdefault.jpg,FALSE
5984d234d1fb31104b5ab46bad524ad0,https://youtu.be/T4jnxCTBToA,ã€ç¥ç¨»æ«»ç«ç²¾è¯ã€‘ç«ç«é€å¤§å¤§çš„5maçµ¦ä¸Šç­ä¸Šèª²çš„ç‹å‘± å¤§å®¶ä»Šå¤©ä¹Ÿè¾›è‹¦äº†,62,UCg62Aw5bxrbkrm2SJ0vKolQ,kiru kiru,,2021-11-08,https://i.ytimg.com/vi/T4jnxCTBToA/mqdefault.jpg,FALSE
a70d9e48a10002d6717de8556df923bb,https://youtu.be/3xlDBMkG3M4,ã€ç¥ç¨»æ«»ç«ç²¾è¯ã€‘ç«ç«è¡¨æ¼”è‚¥å®…ç‰ˆæœ¬çš„é‡˜å®®ä¸‰é€£ çµæŸå¾Œé‚„å•ç‹å‘±å€‘è¦ä¸è¦å»ä»–,40,UCg62Aw5bxrbkrm2SJ0vKolQ,kiru kiru,,2021-11-04,https://i.ytimg.com/vi/3xlDBMkG3M4/mqdefault.jpg,FALSE
3843a567d9f214b801e05a6eb81446b1,https://youtu.be/3oJ2H1FjJEY,ã€ç¥ç¨»æ«»ç«ç²¾è¯ã€‘é¬¼è½‰è©±é¡Œå¤§å¸«ç«ç«  è«‹å•ç‹ä»™èèµ·ä¾†æ˜¯ä»€éº¼å‘³é“ ç«ç«:å¤–è³£ å’–å“©æ‹Œé£¯,116,UCg62Aw5bxrbkrm2SJ0vKolQ,kiru kiru,,2021-10-31,https://i.ytimg.com/vi/3oJ2H1FjJEY/mqdefault.jpg,FALSE
46e393aa1c8ddc591ea0cc5291f8831b,https://youtu.be/dWkA6F37AUo,ã€ç¥ç¨»æ«»ç«ç²¾è¯ã€‘ç«ç«æ—©é¤åƒå¤ªå¤šèµ·å¸è›‹é¤… ç™¼å‡ºäº†è‚¥å®…çš„è²éŸ³ æ‰€ä»¥ä»Šå¤©çš„ä¼åŠƒæ˜¯æ—©é¤åƒåˆ°é£½,23,UCg62Aw5bxrbkrm2SJ0vKolQ,kiru kiru,,2021-10-29,https://i.ytimg.com/vi/dWkA6F37AUo/mqdefault.jpg,FALSE
52a39be452447b9fe1fc269d7f65f3e9,https://youtu.be/sKkPLAyCmzA,ã€ç¥ç¨»æ«»ç«ç²¾è¯ã€‘ä¸å¯ä»¥ç‘Ÿç‘Ÿ è«‹å•å¤§å®¶æœ‰æ‰¾åˆ°ç•°æ¬¡å…ƒå£è¢‹å—  æˆ‘æ²’çœ‹åˆ° ç„¶å¾Œè«‹å•å¤§å®¶æœ‰æ³¨æ„åˆ°ç‰¹æ®Šè¨­è¨ˆå—,102,UCg62Aw5bxrbkrm2SJ0vKolQ,kiru kiru,,2021-10-26,https://i.ytimg.com/vi/sKkPLAyCmzA/mqdefault.jpg,FALSE
228644be31d2d3b5c0f8ce7c114f5e2f,https://youtu.be/nfRdCk_moQg,ã€ç¥ç¨»æ«»ç«ç²¾è¯ã€‘ç«ç«åœ¨ç›´æ’­çµæŸå‰æ„Ÿè¬äº†æœ‰å¦‚å†ç”Ÿçˆ¶æ¯çš„äº‹ç‰© æ²’æƒ³åˆ°æ˜¯ä¸€æœ¬æ­£ç¶“çš„èƒ¡èªªå…«é“,114,UCg62Aw5bxrbkrm2SJ0vKolQ,kiru kiru,,2021-10-24,https://i.ytimg.com/vi/nfRdCk_moQg/mqdefault.jpg,FALSE
8ee1d6f49fb510552e749fe3d59964ea,https://youtu.be/6Byn914lKGI,ã€ç‘ªæ ¼éº—ç‰¹æº«ç‰¹æ–¯ç²¾è¯ã€‘ç¥ç¨»æ«»ç«(å½)çè²´è²éŸ³æµå‡º,96,UCg62Aw5bxrbkrm2SJ0vKolQ,kiru kiru,,2021-09-24,https://i.ytimg.com/vi/6Byn914lKGI/mqdefault.jpg,FALSE
a540c38a358d6e9cf62f7bc0c8407a7d,https://youtu.be/v3rv0wo6HtI,"ã€é›²éš›ç·šã€‘å³å°‡""ç•¢æ¥­""ææéˆ´è˜­ ç‘ªæ ¼éº—ç‰¹ ç¥ç¨»æ«»ç« æ‡¶äººåŒ…ç³»åˆ—  ä»¥åŠæˆ‘æƒ³èªªçš„è©±   ç¥ç¦ä¸‰ä½ä»Šå¾Œå„è‡ªé †åˆ©",363,UC11UEoAE5b_YuC7S695AhDQ,æˆ‘æ˜¯å°ä¾‘,,2022-06-09,https://i.ytimg.com/vi/v3rv0wo6HtI/mqdefault.jpg,FALSE
5530b17c97003a64dddc76b82ed5f410,https://youtu.be/Lg9aKgMgmtY,ã€ç¥ç¨»æ«»ç«ç²¾è¯ã€‘è®“èº«ç‚ºèŒ¸æ°‘çš„ç«å¼Ÿè·ŸèŒ¸èŒ¸é¼ è¦‹é¢ï¼ï¼Ÿé–‹å¿ƒåˆ°ç›´æ¥ç¡ä¸è‘—äº†ï¼ï¼Ÿ,106,UCwoldX8EmSdT0n3yTsPeq9A,ã€åšç¥ˆé” bokidaã€‘è³¢è€…çš„çƒ¤è‚‰æ™‚é–“,,2022-06-26,https://i.ytimg.com/vi/Lg9aKgMgmtY/mqdefault.jpg,FALSE
4019fee70dc4b8a7dd26bf74cf4d34ec,https://youtu.be/XHoHo8keGQQ,ã€ç¥ç¨»æ«»ç«ç²¾è¯ã€‘å‘±å‘±å€‘å…¨è¢«å°ç«ç«æ‹èµ°äº†ï¼ï¼Ÿæœ‰äººæƒ³è®“å°ç«ç«è®Šç¸½é•·ï¼ï¼Ÿ,59,UCwoldX8EmSdT0n3yTsPeq9A,ã€åšç¥ˆé” bokidaã€‘è³¢è€…çš„çƒ¤è‚‰æ™‚é–“,,2022-06-23,https://i.ytimg.com/vi/XHoHo8keGQQ/mqdefault.jpg,FALSE
bbc8d57200aca2d24025ed1f5a71d6be,https://youtu.be/sV0VN2UqxIY,ã€ç‘ªæ ¼éº—ç‰¹ç²¾è¯ã€‘é»‘è‰²æµæ˜ŸèŠ±åœ’ï¼ï¼Ÿç¥ç¨»æ«»ç«å…ˆåˆ¥æ•‘æˆ‘ï¼ï¼Ÿ,94,UCwoldX8EmSdT0n3yTsPeq9A,ã€åšç¥ˆé” bokidaã€‘è³¢è€…çš„çƒ¤è‚‰æ™‚é–“,,2022-06-21,https://i.ytimg.com/vi/sV0VN2UqxIY/mqdefault.jpg,FALSE
9a19027c9bdc099d7ddf54529bdd1c27,https://youtu.be/ye1DHPAXDSA,ã€ç¥ç¨»æ«»ç«ç²¾è¯ã€‘è¿·å› è¬›ä¸€è¬›ï¼Œæœ¬äººçªç„¶å°±å‡ºç¾äº†ï¼ï¼Ÿ,56,UCwoldX8EmSdT0n3yTsPeq9A,ã€åšç¥ˆé” bokidaã€‘è³¢è€…çš„çƒ¤è‚‰æ™‚é–“,,2022-06-20,https://i.ytimg.com/vi/ye1DHPAXDSA/mqdefault.jpg,FALSE
e2b04f94dfdcbeda345f6ddb8360b843,https://youtu.be/SsJ1t8QQ0_A,ã€ç¥ç¨»æ«»ç«ç²¾è¯ã€‘å¯æ„›çš„å°æ«»ç«é¬§é˜ï¼ï¼Ÿæœ‰äººè¦è¢«FBIæŠ“èµ°äº†ï¼ï¼Ÿ,76,UCwoldX8EmSdT0n3yTsPeq9A,ã€åšç¥ˆé” bokidaã€‘è³¢è€…çš„çƒ¤è‚‰æ™‚é–“,,2022-06-18,https://i.ytimg.com/vi/SsJ1t8QQ0_A/mqdefault.jpg,FALSE
75cfd2279ce3e68f93d860c0d4fcaece,https://youtu.be/zPdm78nItvE,ã€ç¥ç¨»æ«»ç«ç²¾è¯ã€‘ç”Ÿæ—¥é€™å¤©å¿«æ¨‚ç©è¿·å› ~,97,UCwoldX8EmSdT0n3yTsPeq9A,ã€åšç¥ˆé” bokidaã€‘è³¢è€…çš„çƒ¤è‚‰æ™‚é–“,,2022-06-17,https://i.ytimg.com/vi/zPdm78nItvE/mqdefault.jpg,FALSE
20a2ddd4baa8b3c2552c13c3cbe471d5,https://youtu.be/Xw8OFeAW0a4,ã€ç¥ç¨»æ«»ç«ç²¾è¯çŸ­ç‰‡ã€‘é˜¿å‰ä½ çš„ç‹æ‰¾ä½ ,27,UCwoldX8EmSdT0n3yTsPeq9A,ã€åšç¥ˆé” bokidaã€‘è³¢è€…çš„çƒ¤è‚‰æ™‚é–“,,2022-06-17,https://i.ytimg.com/vi/Xw8OFeAW0a4/mqdefault.jpg,FALSE
b65500097ef21e30d2fd0eacf8853999,https://youtu.be/m8q61QWZSNQ,ã€ç¥ç¨»æ«»ç«ç²¾è¯ã€‘äº‚æ¶ˆè²»ç‹åª½ï¼Œç›´æ¥çµ¦ä½ å·´é ­ï¼ï¼Ÿ,63,UCwoldX8EmSdT0n3yTsPeq9A,ã€åšç¥ˆé” bokidaã€‘è³¢è€…çš„çƒ¤è‚‰æ™‚é–“,,2022-06-16,https://i.ytimg.com/vi/m8q61QWZSNQ/mqdefault.jpg,FALSE
d9c8aee8a6a5a25f3683fdf8952fb40c,https://youtu.be/SSEOpWuTXb4,ã€ç¥ç¨»æ«»ç«ç²¾è¯ã€‘è¦ºå¾—è‡ªå·±åˆé…ä¿¡æ™‚è¶…å°·å°¬ï¼ï¼Ÿæ­¡è¿åŠ å…¥â€œç¥ç¨»åæœƒâ€ï¼ï¼Ÿ,217,UCwoldX8EmSdT0n3yTsPeq9A,ã€åšç¥ˆé” bokidaã€‘è³¢è€…çš„çƒ¤è‚‰æ™‚é–“,,2022-06-11,https://i.ytimg.com/vi/SSEOpWuTXb4/mqdefault.jpg,FALSE
2e43605edda871706dce3b90ff1b14a0,https://youtu.be/2KHWpbMwEzc,ã€ç¥ç¨»æ«»ç«ç²¾è¯ã€‘ä¸å°å¿ƒç”¨ç‹—ç‹—æ¸…æ½”åŠ‘æ´—é ­é«®ï¼ï¼Ÿ,122,UCwoldX8EmSdT0n3yTsPeq9A,ã€åšç¥ˆé” bokidaã€‘è³¢è€…çš„çƒ¤è‚‰æ™‚é–“,,2022-06-01,https://i.ytimg.com/vi/2KHWpbMwEzc/mqdefault.jpg,FALSE
51244c9c8c8530dda8302573723caff5,https://youtu.be/frrNVVfK808,ã€ç¥ç¨»æ«»ç«ç²¾è¯ã€‘é‚Šå”±é‚Šé€›ç¶²æ‹ï¼ï¼Ÿæ³¨æ„åŠ›é€æ¼¸è¢«å•†å“å¸å¼•èµ°ï¼ï¼Ÿ,128,UCwoldX8EmSdT0n3yTsPeq9A,ã€åšç¥ˆé” bokidaã€‘è³¢è€…çš„çƒ¤è‚‰æ™‚é–“,,2022-05-11,https://i.ytimg.com/vi/frrNVVfK808/mqdefault.jpg,FALSE
d031af3fc1d3b6a2d40c4ea2cd67c6e1,https://youtu.be/G3yUJ2dxJJM,ã€ç¥ç¨»æ«»ç«ç²¾è¯ã€‘é‚„æ²’æ¸…é†’éä¾†ï¼ï¼Ÿä¸æ–·æŠŠSCè¬›æˆåŠ æœƒå“¡ï¼ï¼Ÿ,83,UCwoldX8EmSdT0n3yTsPeq9A,ã€åšç¥ˆé” bokidaã€‘è³¢è€…çš„çƒ¤è‚‰æ™‚é–“,,2022-05-09,https://i.ytimg.com/vi/G3yUJ2dxJJM/mqdefault.jpg,FALSE
47091bf5fbb32c96e4a1924b1cbdc00c,https://youtu.be/6Bok6hLgFVg,ã€ç¥ç¨»æ«»ç«ç²¾è¯ã€‘è¶…å‘éŒ¢çš„å¥‡ç•°æ¯æ¯ï¼ï¼Ÿç„¡æ™‚ç„¡åˆ»æé†’çœ‹é›»å½±çš„å®¶äººï¼ï¼Ÿ,92,UCwoldX8EmSdT0n3yTsPeq9A,ã€åšç¥ˆé” bokidaã€‘è³¢è€…çš„çƒ¤è‚‰æ™‚é–“,,2022-05-06,https://i.ytimg.com/vi/6Bok6hLgFVg/mqdefault.jpg,FALSE
a5d885552d572083310c26f786908b8b,https://youtu.be/b8TBFmJfiKM,ã€ç¥ç¨»æ«»ç«ç²¾è¯ã€‘ç«ç«è¢«åš‡åˆ°è¬›ç™¼Qï¼?,79,UCwoldX8EmSdT0n3yTsPeq9A,ã€åšç¥ˆé” bokidaã€‘è³¢è€…çš„çƒ¤è‚‰æ™‚é–“,,2022-04-18,https://i.ytimg.com/vi/b8TBFmJfiKM/mqdefault.jpg,FALSE
e917422095910a1143a49781c3b7958e,https://youtu.be/WVSl8Sd56Qk,ã€ç¥ç¨»æ«»ç«ç²¾è¯ã€‘ç¥ç¨»æ«»ç«é»‘åŒ–ï¼ï¼Ÿè¦æŠŠå‘±å‘±å€‘é€šé€šæŠ“èµ·ä¾†ï¼ï¼Ÿ,53,UCwoldX8EmSdT0n3yTsPeq9A,ã€åšç¥ˆé” bokidaã€‘è³¢è€…çš„çƒ¤è‚‰æ™‚é–“,,2022-04-14,https://i.ytimg.com/vi/WVSl8Sd56Qk/mqdefault.jpg,FALSE
6c35237e128e78d4b97f30c1ef2f6d0c,https://youtu.be/EtIUJp5r0UM,ã€ç¥ç¨»æ«»ç«ç²¾è¯ã€‘é–‹æ’­å‰å°±å…ˆæŠ½åˆ°æ´»å‹•è§’è‰²ï¼Œé‚Šæ›¬å¡é‚Šå“ˆå“ˆå¤§ç¬‘,34,UCwoldX8EmSdT0n3yTsPeq9A,ã€åšç¥ˆé” bokidaã€‘è³¢è€…çš„çƒ¤è‚‰æ™‚é–“,,2022-04-13,https://i.ytimg.com/vi/EtIUJp5r0UM/mqdefault.jpg,FALSE
a383384c7cb0aa36542bf17bc4150356,https://youtu.be/fh0KNgA5uKE,ã€ç¥ç¨»æ«»ç«ç²¾è¯ã€‘æƒ³è¦ç¿»è»Šå»ç¿»ä¸äº†è»Š,89,UCwoldX8EmSdT0n3yTsPeq9A,ã€åšç¥ˆé” bokidaã€‘è³¢è€…çš„çƒ¤è‚‰æ™‚é–“,,2022-04-09,https://i.ytimg.com/vi/fh0KNgA5uKE/mqdefault.jpg,FALSE
a62dae420b005bdcffd0d8204e4e84cd,https://youtu.be/g0KMiVN5unc,ã€ç¥ç¨»æ«»ç«ç²¾è¯ã€‘å°æ™‚å€™è·Ÿå®¶äººè¬›æ”¾å†°ç®±çš„å·§å…‹åŠ›ï¼Œè¢«åƒæ‰äº†ï¼ï¼Ÿ,62,UCwoldX8EmSdT0n3yTsPeq9A,ã€åšç¥ˆé” bokidaã€‘è³¢è€…çš„çƒ¤è‚‰æ™‚é–“,,2022-03-30,https://i.ytimg.com/vi/g0KMiVN5unc/mqdefault.jpg,FALSE
01e5c39a21ebc33eab6e475e6ab55fa8,https://youtu.be/h4MMW3d9o_0,ã€ç¥ç¨»æ«»ç«ç²¾è¯ã€‘ç·Šæ€¥ç‹€æ³ï¼ï¼åªæ˜¯ç‚ºäº†OOè€Œä½¿ç”¨èªéŸ³ï¼ï¼Ÿ,141,UCwoldX8EmSdT0n3yTsPeq9A,ã€åšç¥ˆé” bokidaã€‘è³¢è€…çš„çƒ¤è‚‰æ™‚é–“,,2022-03-26,https://i.ytimg.com/vi/h4MMW3d9o_0/mqdefault.jpg,FALSE
c4634902b0dea777feef8c90c5cf346f,https://youtu.be/AEI8rnImrp8,ã€ç¥ç¨»æ«»ç«ç²¾è¯ã€‘å¦é¡çš„ASMRï¼ï¼Ÿæ„›é‚Šåƒæ±è¥¿é‚Šè®šå˜†çš„ç‹,89,UCwoldX8EmSdT0n3yTsPeq9A,ã€åšç¥ˆé” bokidaã€‘è³¢è€…çš„çƒ¤è‚‰æ™‚é–“,,2022-03-17,https://i.ytimg.com/vi/AEI8rnImrp8/mqdefault.jpg,FALSE
85f881549ac3a9929e9af261c79bdff3,https://youtu.be/sJSNkKpXIZ8,ã€ç¥ç¨»æ«»ç«ç²¾è¯ã€‘ç‹åª½èªªç«ç«å–æ°´å¾ˆå¤§è²ï¼Œç„¶å¾Œç«ç«å°±å–å¾—æ›´å¤§è²äº†,68,UCwoldX8EmSdT0n3yTsPeq9A,ã€åšç¥ˆé” bokidaã€‘è³¢è€…çš„çƒ¤è‚‰æ™‚é–“,,2022-03-12,https://i.ytimg.com/vi/sJSNkKpXIZ8/mqdefault.jpg,FALSE
1847728d93922212d5055c405c766fc4,https://youtu.be/99oyOnzPTc4,ã€ç¥ç¨»æ«»ç«ç²¾è¯ã€‘ä¸å°å¿ƒæŠŠæ­Œåè¨˜æˆç±³é–‹æœ—åŸºç¾…ï¼ï¼Ÿ,79,UCwoldX8EmSdT0n3yTsPeq9A,ã€åšç¥ˆé” bokidaã€‘è³¢è€…çš„çƒ¤è‚‰æ™‚é–“,,2022-03-09,https://i.ytimg.com/vi/99oyOnzPTc4/mqdefault.jpg,FALSE
793420c30d096990814405c9eb3c301c,https://youtu.be/5Wi_LlAXHeM,ã€ç¥ç¨»æ«»ç«ç²¾è¯ã€‘ç·Šå¼µæ˜¯ä¸€ç¨®éºå‚³ï¼ï¼Ÿæœ‰å…¶çˆ¶å¿…æœ‰å…¶å¥³ï¼ï¼Ÿ,93,UCwoldX8EmSdT0n3yTsPeq9A,ã€åšç¥ˆé” bokidaã€‘è³¢è€…çš„çƒ¤è‚‰æ™‚é–“,,2022-02-28,https://i.ytimg.com/vi/5Wi_LlAXHeM/mqdefault.jpg,FALSE
b08ee4a99a17b36e0c7314f9394e9b0f,https://youtu.be/_ozqzydLwIk,ã€ç¥ç¨»æ«»ç«ç²¾è¯ã€‘å°èªç‰ˆæ–°å©šä¸‰å•ï¼ï¼Ÿæ´—å‹’è€ƒå–”ï¼ï¼Ÿ,52,UCwoldX8EmSdT0n3yTsPeq9A,ã€åšç¥ˆé” bokidaã€‘è³¢è€…çš„çƒ¤è‚‰æ™‚é–“,,2022-02-17,https://i.ytimg.com/vi/_ozqzydLwIk/mqdefault.jpg,FALSE
f608cd61319a408ca34288e46d6f3bdd,https://youtu.be/irWJxiQpYV0,ã€ç¥ç¨»æ«»ç«ç²¾è¯ã€‘ç«ç«çš„æ–°å¹´æ–°å©šä¸‰å•,78,UCwoldX8EmSdT0n3yTsPeq9A,ã€åšç¥ˆé” bokidaã€‘è³¢è€…çš„çƒ¤è‚‰æ™‚é–“,,2022-02-02,https://i.ytimg.com/vi/irWJxiQpYV0/mqdefault.jpg,FALSE
6bb410cc86538e00823fccec036d0994,https://youtu.be/B_SR2gDO2Ac,ã€ç¥ç¨»æ«»ç«ç²¾è¯ã€‘æƒ³è¢«ç«ç«ç”¨é„™è¦–çš„è‡‰çœ‹è‘—ï¼ï¼Ÿ,94,UCwoldX8EmSdT0n3yTsPeq9A,ã€åšç¥ˆé” bokidaã€‘è³¢è€…çš„çƒ¤è‚‰æ™‚é–“,,2022-01-23,https://i.ytimg.com/vi/B_SR2gDO2Ac/mqdefault.jpg,FALSE
3531aaf6ebbe8b4200512fd00fd53bc2,https://youtu.be/U1VrOzDSs54,ã€ç¥ç¨»æ«»ç«ç²¾è¯ã€‘ç«ç«å»å€’æ°´æ™‚ï¼Œå½±ç‰‡ç«Ÿç„¶è‡ªå‹•æ’­æ”¾äº†ï¼ï¼Ÿæ”¶å·¥å•¦ï¼,58,UCwoldX8EmSdT0n3yTsPeq9A,ã€åšç¥ˆé” bokidaã€‘è³¢è€…çš„çƒ¤è‚‰æ™‚é–“,,2022-01-22,https://i.ytimg.com/vi/U1VrOzDSs54/mqdefault.jpg,FALSE
950c9a419199d7f3a9663b4aa3ca643e,https://youtu.be/BxYPq0CYe5A,ã€ç¥ç¨»æ«»ç«ç²¾è¯ã€‘ç«ç«æƒ³è¦ç‘ªéº—ï¼ï¼Ÿå¤§å°å§çš„ç­”è¦†æ˜¯â‹¯â‹¯,83,UCwoldX8EmSdT0n3yTsPeq9A,ã€åšç¥ˆé” bokidaã€‘è³¢è€…çš„çƒ¤è‚‰æ™‚é–“,,2022-01-14,https://i.ytimg.com/vi/BxYPq0CYe5A/mqdefault.jpg,FALSE
d00d5a81b32c6f116666c3c661fdcaf6,https://youtu.be/3v-RKckLccU,ã€ç¥ç¨»æ«»ç«ç²¾è¯ã€‘ç«ç«é‚Šå”±æ­Œé‚Šç™¼æŠ–è¢«å®¶äººç™¼ç¾äº†ï¼ï¼Ÿ,48,UCwoldX8EmSdT0n3yTsPeq9A,ã€åšç¥ˆé” bokidaã€‘è³¢è€…çš„çƒ¤è‚‰æ™‚é–“,,2022-01-12,https://i.ytimg.com/vi/3v-RKckLccU/mqdefault.jpg,FALSE
1aeba71bb827b333ce6d18da60a587dc,https://youtu.be/b9DiljCpRdo,ã€ç¥ç¨»æ«»ç«ç²¾è¯ã€‘å°å¼·æµ®é›²èˆ‡ç©å¾—è¶…é–‹å¿ƒçš„ç«ç«ï¼?,74,UCwoldX8EmSdT0n3yTsPeq9A,ã€åšç¥ˆé” bokidaã€‘è³¢è€…çš„çƒ¤è‚‰æ™‚é–“,,2022-01-02,https://i.ytimg.com/vi/b9DiljCpRdo/mqdefault.jpg,FALSE
3f687bdf67fbdb7618dab1d1673ee862,https://youtu.be/SIVTPpTxXCs,ã€ç¥ç¨»æ«»ç«ç²¾è¯ã€‘å½Â·è—äººä¹‹äº‚ï¼ï¼Ÿä¸€ç¾¤åäººåœ¨çœ‹ç«ç«å°ï¼ï¼Ÿ,77,UCwoldX8EmSdT0n3yTsPeq9A,ã€åšç¥ˆé” bokidaã€‘è³¢è€…çš„çƒ¤è‚‰æ™‚é–“,,2021-12-27,https://i.ytimg.com/vi/SIVTPpTxXCs/mqdefault.jpg,FALSE
6c445fb028ca8f46d4875f583785738d,https://youtu.be/ijwqP_FBIlA,ã€ç¥ç¨»æ«»ç«ç²¾è¯ã€‘é€™ä½å…„å¼Ÿåˆ¥ç¡äº†ã€é†’é†’ï¼ä¾†è‡ªè§€çœ¾çš„å‘Šç™½SCï¼ï¼Ÿ,69,UCwoldX8EmSdT0n3yTsPeq9A,ã€åšç¥ˆé” bokidaã€‘è³¢è€…çš„çƒ¤è‚‰æ™‚é–“,,2021-12-20,https://i.ytimg.com/vi/ijwqP_FBIlA/mqdefault.jpg,FALSE
a1869535f97ab1ff002ea15189b296b6,https://youtu.be/wkhVt8z7cD0,ã€ç¥ç¨»æ«»ç«ç²¾è¯ã€‘æ­¸å‰›ã„Ÿï¼å¦¹å¦¹å•Šï¼å’±å€‘ä¹‹å‰æ‡‰è©²ä¸èªè­˜å§ï¼ï¼Ÿ,48,UCwoldX8EmSdT0n3yTsPeq9A,ã€åšç¥ˆé” bokidaã€‘è³¢è€…çš„çƒ¤è‚‰æ™‚é–“,,2021-11-21,https://i.ytimg.com/vi/wkhVt8z7cD0/mqdefault.jpg,FALSE
f0b051eb8623b99652acb9202e423cd7,https://youtu.be/P1IEsslTFv4,ã€ç¥ç¨»æ«»ç«ç²¾è¯ã€‘ç‹è¨€äº‚èªç¿»è­¯å¸« 2ï¼ï¼Ÿ,86,UCwoldX8EmSdT0n3yTsPeq9A,ã€åšç¥ˆé” bokidaã€‘è³¢è€…çš„çƒ¤è‚‰æ™‚é–“,,2021-11-18,https://i.ytimg.com/vi/P1IEsslTFv4/mqdefault.jpg,FALSE
d21dd8823abaea7ea93a692cdc701c75,https://youtu.be/JQA4V3Oaqhw,ã€ç¥ç¨»æ«»ç«ç²¾è¯ã€‘å…”å§¬è€å¸«ç¾èº«èŠå¤©å®¤ï¼ï¼Ÿç†±æ°´ç‹å†åº¦ç‡’é–‹ï¼ï¼Ÿ,107,UCwoldX8EmSdT0n3yTsPeq9A,ã€åšç¥ˆé” bokidaã€‘è³¢è€…çš„çƒ¤è‚‰æ™‚é–“,,2021-11-15,https://i.ytimg.com/vi/JQA4V3Oaqhw/mqdefault.jpg,FALSE
0f9a3811224a9b9611288f172e08fe43,https://youtu.be/O2SOkNkt-VI,ã€ç¥ç¨»æ«»ç«ç²¾è¯ã€‘å¤§å¤§å¤§ç¦®åŒ…ï¼è½èªªæœƒé™„è´ˆçµ²è¥ªå’Œå£åš¼é…’ï¼ï¼Ÿ,68,UCwoldX8EmSdT0n3yTsPeq9A,ã€åšç¥ˆé” bokidaã€‘è³¢è€…çš„çƒ¤è‚‰æ™‚é–“,,2021-11-15,https://i.ytimg.com/vi/O2SOkNkt-VI/mqdefault.jpg,FALSE
4ca0e0e3be2b2da5eb7056a93c4afd38,https://youtu.be/AcefRh8Leq4,ã€ç¥ç¨»æ«»ç«ç²¾è¯ã€‘ç«ç«å£èª¤è®“ç‹å‘±å€‘å“­äº†ï¼ï¼Ÿç«ç«ä¹Ÿé™ªç‹å‘±å€‘å“­å“­ï¼ï¼Ÿ,64,UCwoldX8EmSdT0n3yTsPeq9A,ã€åšç¥ˆé” bokidaã€‘è³¢è€…çš„çƒ¤è‚‰æ™‚é–“,,2021-11-10,https://i.ytimg.com/vi/AcefRh8Leq4/mqdefault.jpg,FALSE
11f19891ec8398dff4982db5feab230c,https://youtu.be/vfINAsLnLMI,ã€ç¥ç¨»æ«»ç«ç²¾è¯ã€‘æ‹è³£çµ²è¥ªå›‰ï¼é€™å…©äººåˆåœ¨OOäº†ï¼ï¼Ÿ,105,UCwoldX8EmSdT0n3yTsPeq9A,ã€åšç¥ˆé” bokidaã€‘è³¢è€…çš„çƒ¤è‚‰æ™‚é–“,,2021-11-09,https://i.ytimg.com/vi/vfINAsLnLMI/mqdefault.jpg,FALSE
c8769b112557339aee1d084e7982647e,https://youtu.be/nqZjA3Wg0m4,ã€ç¥ç¨»æ«»ç«ç²¾è¯ã€‘çœ‹æ‚ ç™½æ–°è¡£è£çœ‹åˆ°å£æ‰äº†ï¼ï¼Ÿ,86,UCwoldX8EmSdT0n3yTsPeq9A,ã€åšç¥ˆé” bokidaã€‘è³¢è€…çš„çƒ¤è‚‰æ™‚é–“,,2021-11-07,https://i.ytimg.com/vi/nqZjA3Wg0m4/mqdefault.jpg,FALSE
5422126a2c5cc798aff92e0d0ed4f594,https://youtu.be/W7-gkwmpBpU,ã€ç¥ç¨»æ«»ç«ç²¾è¯ã€‘æ–°ä¼™ä¼´ç™»å ´å»æ€§å‘½é›£ä¿ï¼ï¼Ÿé£¢é¤“çš„ç‹å‘±å€‘èˆ‡ä»–å€‘çš„å„ç¨®æ–™ç†æ–¹å¼ï¼ï¼Ÿ,76,UCwoldX8EmSdT0n3yTsPeq9A,ã€åšç¥ˆé” bokidaã€‘è³¢è€…çš„çƒ¤è‚‰æ™‚é–“,,2021-11-01,https://i.ytimg.com/vi/W7-gkwmpBpU/mqdefault.jpg,FALSE
8d44dedd385c6aaba746d378c321218f,https://youtu.be/u0G341-sRWg,ã€ç¥ç¨»æ«»ç«ç²¾è¯ã€‘ä½ å€‘è¦çš„ä¾†äº†ï¼è®Šå¥½åƒé­”æ³•+å’•åš•éˆæ³¢ï¼,53,UCwoldX8EmSdT0n3yTsPeq9A,ã€åšç¥ˆé” bokidaã€‘è³¢è€…çš„çƒ¤è‚‰æ™‚é–“,,2021-10-29,https://i.ytimg.com/vi/u0G341-sRWg/mqdefault.jpg,FALSE
b5dbc27ebdc0948eeb9a081aad72e5ab,https://youtu.be/iqagAXbx40E,ã€ç¥ç¨»æ«»ç«ç²¾è¯ã€‘é…éŸ³äººæ ¼é¡¯ç¾ï¼ï¼Ÿé…åˆ°å¿«è¦äººæ ¼åˆ†è£‚å•¦ï¼ï¼,108,UCwoldX8EmSdT0n3yTsPeq9A,ã€åšç¥ˆé” bokidaã€‘è³¢è€…çš„çƒ¤è‚‰æ™‚é–“,,2021-10-29,https://i.ytimg.com/vi/iqagAXbx40E/mqdefault.jpg,FALSE
0fac0ed03dee44eb1f8a8e4a41cb762a,https://youtu.be/L1tIRDJtxIM,ã€ç¥ç¨»æ«»ç«ç²¾è¯ã€‘èªªéçš„è©±ç„¡æ³•æ”¶å›ï¼Œåªå¥½æ‰¿èªï¼ï¼Ÿä¸€èµ·ç©ã€Œèª°çš„éª¨ç›†æœ€ç«¯æ­£ã€,60,UCwoldX8EmSdT0n3yTsPeq9A,ã€åšç¥ˆé” bokidaã€‘è³¢è€…çš„çƒ¤è‚‰æ™‚é–“,,2021-10-28,https://i.ytimg.com/vi/L1tIRDJtxIM/mqdefault.jpg,FALSE
0b0d9ffd46b72d309ce5aeb6383abc83,https://youtu.be/l8tCeA9oH-I,ã€ç¥ç¨»æ«»ç«ç²¾è¯ã€‘æ«»ç«èˆ‡å‘±å‘±ï¼Œä¸€èµ·æ–æ“ºå§ï½ï¼,44,UCwoldX8EmSdT0n3yTsPeq9A,ã€åšç¥ˆé” bokidaã€‘è³¢è€…çš„çƒ¤è‚‰æ™‚é–“,,2021-10-28,https://i.ytimg.com/vi/l8tCeA9oH-I/mqdefault.jpg,FALSE
bf5e13f6e4ab989aee1fbc7d96866daf,https://youtu.be/12nzgTFbVSQ,ã€ç¥ç¨»æ«»ç«ç²¾è¯ã€‘è€å¸«ï¼Œä¸»ç®¡ï¼Œè¨“å°ä¸»ä»»éƒ½åœ¨çœ‹å°ï¼ï¼Ÿç¾åœ¨æ˜¯ä¸Šèª²æ™‚é–“æ¬¸ï¼ï¼Ÿ,99,UCwoldX8EmSdT0n3yTsPeq9A,ã€åšç¥ˆé” bokidaã€‘è³¢è€…çš„çƒ¤è‚‰æ™‚é–“,,2021-10-28,https://i.ytimg.com/vi/12nzgTFbVSQ/mqdefault.jpg,FALSE
185f1345a0dadd1d1df8ed55291d7f58,https://youtu.be/p2TSDPns5p4,ã€ç¥ç¨»æ«»ç«ç²¾è¯ã€‘æ‚¨çš„ç‹è¨€ç‹èªç¿»è­¯å¸«å·²ä¸Šç·šï¼Œç©¶ç«Ÿæ«»ç«èªªäº†å•¥ã€ç´”å±¬æƒ¡æã€‘,13,UCwoldX8EmSdT0n3yTsPeq9A,ã€åšç¥ˆé” bokidaã€‘è³¢è€…çš„çƒ¤è‚‰æ™‚é–“,,2021-10-25,https://i.ytimg.com/vi/p2TSDPns5p4/mqdefault.jpg,FALSE
704a5a7716a6187361c1ec2e3d8aa820,https://youtu.be/0E08TmiOjTQ,ã€ææéˆ´è˜­ç²¾è¯ã€‘ç¥ç¨»æ«»ç«é¢å…·çš„å„ç¨®å¥‡ç‰¹çš„ä½©æˆ´æ–¹å¼,80,UCwoldX8EmSdT0n3yTsPeq9A,ã€åšç¥ˆé” bokidaã€‘è³¢è€…çš„çƒ¤è‚‰æ™‚é–“,,2021-10-25,https://i.ytimg.com/vi/0E08TmiOjTQ/mqdefault.jpg,FALSE
068594ca3514d3a55ab3d78b58470a67,https://youtu.be/BEWV7vA2bBQ,ã€ç¥ç¨»æ«»ç«ç²¾è¯ã€‘å°¤é”å¯¶å¯¶æ­£åé‹å‹•ï¼Œæˆ‘è¦ºå¾—çœŸçš„æœ‰87%åƒå•Š(X,43,UCwoldX8EmSdT0n3yTsPeq9A,ã€åšç¥ˆé” bokidaã€‘è³¢è€…çš„çƒ¤è‚‰æ™‚é–“,,2021-10-24,https://i.ytimg.com/vi/BEWV7vA2bBQ/mqdefault.jpg,FALSE
1af379399e3d4da40ddc04e9b53aa682,https://youtu.be/soCx8Ssh21o,ã€Vtuberæ­Œå›ã€‘å¼µæ¸…èŠ³ / ç„¡äººç†Ÿè­˜ã€ç¥ç¨»æ«»ç«ã€‘,274,UCl3udLcZg3GcrAg5SIlhlKg,ç´…è˜¿è”” Carrot,"å°Vçƒ¤è‚‰MAN, å°V, å°ç£Vtuber, å°ç£vtuber, çƒ¤è‚‰, ç²¾è¯, å°v, è™›æ“¬å¯¦æ³ä¸», è™›æ“¬ç›´æ’­ä¸», vtuber, ä¸­æ–‡å­—å¹•, å°Vç²¾è¯, ä¸­æ–‡ç²¾è¯, çƒ¤è‚‰man, å¯¦æ³ç²¾è¯, å°vç²¾è¯, çƒ¤è‚‰ç²¾è¯, Vtuberç²¾è¯, Vtuberçƒ¤è‚‰, ç¥ç¨»æ«»ç«, ç¥ç¨»æ«»ç« V, ç¥ç¨»æ«»ç« çƒ¤è‚‰, ç¥ç¨»æ«»ç« ç²¾è¯, æ«»ç« çƒ¤è‚‰, ç«ç« çƒ¤è‚‰, ç¥ç¨»æ«»ç« å°v, ç¥ç¨»æ«»ç« åˆé…ä¿¡, åˆé…ä¿¡, ç´…è˜¿è””, Vtuberæ­Œå›, ä¸­æ–‡æ­Œè©, ç¥ç¨»æ«»ç«æ­Œå›, KAMIINA HARUHI",2021-10-24,https://i.ytimg.com/vi/soCx8Ssh21o/mqdefault.jpg,FALSE
ad5b257f40c757d7a8e2e547623421e5,https://youtu.be/SgFwY1eG2CM,å‘±å‘±å€‘é—œå¿ƒç«ç«ä¸€å€‹äººå‡ºéŠçš„å®‰å…¨[ç¥ç¨»æ«»ç« ç²¾è¯],175,UCDMP8qfkvyPbEn4ViXxCPjQ,å¾®ç¬‘ç¾Š,,2022-01-09,https://i.ytimg.com/vi/SgFwY1eG2CM/mqdefault.jpg,FALSE
80e03875c4b6b2434439b3b1e6f7e5b2,https://youtu.be/LmSX95Q3B2U,ç«ç«çœŸçš„å¾ˆåŠªåŠ›[Uç™½ç²¾è¯.ç¥ç¨»æ«»ç«],179,UCDMP8qfkvyPbEn4ViXxCPjQ,å¾®ç¬‘ç¾Š,,2021-12-19,https://i.ytimg.com/vi/LmSX95Q3B2U/mqdefault.jpg,FALSE
34f52a26b68704907eb10912abbe5019,https://youtu.be/5thjWs6e4Cg,ç«ç«ä½ è¦å¸ç®¡å¹¹å˜›!!?è¦ä¸å…ˆå†·éœäº›~[ç¥ç¨»æ«»ç«ç²¾è¯],192,UCDMP8qfkvyPbEn4ViXxCPjQ,å¾®ç¬‘ç¾Š,,2021-12-05,https://i.ytimg.com/vi/5thjWs6e4Cg/mqdefault.jpg,FALSE
79a1b1a5ed729eaa2dc8cbcd5858d0dd,https://youtu.be/Dgyxh57aaMM,ç«ç«å…§å¿ƒçš„ä¸€å€‹å°æ•…äº‹[ç¥ç¨»æ«»ç«ç²¾è¯],572,UCDMP8qfkvyPbEn4ViXxCPjQ,å¾®ç¬‘ç¾Š,,2021-11-26,https://i.ytimg.com/vi/Dgyxh57aaMM/mqdefault.jpg,FALSE
7661d6cf48adeb99d0efaea369c4795d,https://youtu.be/q-x-HoaYl4Q,å–œæ­¡éœ€è¦ç†ç”±å—?  [ç¥ç¨»æ«»ç«ç²¾è¯],340,UCDMP8qfkvyPbEn4ViXxCPjQ,å¾®ç¬‘ç¾Š,,2021-11-23,https://i.ytimg.com/vi/q-x-HoaYl4Q/mqdefault.jpg,FALSE
4d983024d084a5b9b55faafd8dd31949,https://youtu.be/OQTyM0wPd1k,æ­å–œç«ç«é–‹æœƒå“¡ç°¡å–®ä»‹ç´¹ä¸€ä¸‹   [V tuber ç¥ç¨»æ«»ç«],135,UCDMP8qfkvyPbEn4ViXxCPjQ,å¾®ç¬‘ç¾Š,,2021-11-08,https://i.ytimg.com/vi/OQTyM0wPd1k/mqdefault.jpg,FALSE
339b6b28d25af6d15dd68be0e0c012f3,https://youtu.be/iIrJ3nI6Wfw,åŠå¤œçªè¥²é–‹å°è¢«çˆ¸çˆ¸è³£æ‰çš„ç«ç« [V tuber ç¥ç¨»æ«»ç«],118,UCDMP8qfkvyPbEn4ViXxCPjQ,å¾®ç¬‘ç¾Š,,2021-11-07,https://i.ytimg.com/vi/iIrJ3nI6Wfw/mqdefault.jpg,FALSE
3131cccdc8131045afe169b1b8d9204a,https://youtu.be/AnloEtROsYY,ã€é›²éš›ç·š ç•¢æ¥­ã€‘ææéˆ´è˜­ã€ç‘ªæ ¼éº—ç‰¹ã€ç¥ç¨»æ«»ç« | ç•¢æ¥­å®£å¸ƒ | æ­Œæ›²åˆè¼¯ ã€é‡å¤§å‘ŠçŸ¥ã€‘,532,UC4TPPamIH-KlihdP9c3FlNA,å—¡å—¡,"#Minecraft, #å¤¢æƒ³ä¹‹éƒ½, #å—¡å—¡",2022-06-09,https://i.ytimg.com/vi/AnloEtROsYY/mqdefault.jpg,FALSE
a78a000b759cd164e04aa92a991736b4,https://youtu.be/qbyPkgU3qbE,ã€æ‚ ç™½ç²¾è¯ã€‘é›²éš›ç·šä¼åŠƒ - ç²¾æ˜å¹¹ç·´å„ªé›…çš„OL...? With ç¥ç¨»æ«»ç«ã€ææéˆ´è˜­ã€ç‘ªæ ¼éº—ç‰¹â€§æº«ç‰¹æ–¯ã€å‘¨é»˜ 2022/05/29,1570,UCX3JkFyGq5Vtn8AnOVrXXSQ,åå­—éš¨æ™‚æ”¹Idle,å­—å¹•,2022-06-01,https://i.ytimg.com/vi/qbyPkgU3qbE/mqdefault.jpg,FALSE
599daf679fdd44652ac8735f4e78ec96,https://youtu.be/m_lbmeLpXAQ,ã€æ‚ ç™½ç²¾è¯ã€‘èµ°æ ¼å­æŒ‘æˆ° - ç‘ªæ ¼çš„è”¬æœå˜‰å¹´è¯ With ææéˆ´è˜­ã€ç‘ªæ ¼éº—ç‰¹ã€ç¥ç¨»æ«»ç«,2074,UCX3JkFyGq5Vtn8AnOVrXXSQ,åå­—éš¨æ™‚æ”¹Idle,å­—å¹•,2022-01-28,https://i.ytimg.com/vi/m_lbmeLpXAQ/mqdefault.jpg,FALSE
49884ad564fdce921792beec29158e8d,https://youtu.be/JVwJd0FWBdo,ã€æ‚ ç™½ç²¾è¯ã€‘ä¸»è¾¦å–®ä½ ç•«é¢å¾ˆäº‚! With ææéˆ´è˜­ã€ç‘ªæ ¼éº—ç‰¹ã€ç¥ç¨»æ«»ç« 2022/01/10,985,UCX3JkFyGq5Vtn8AnOVrXXSQ,åå­—éš¨æ™‚æ”¹Idle,å­—å¹•,2022-01-12,https://i.ytimg.com/vi/JVwJd0FWBdo/mqdefault.jpg,FALSE
37ca9f987b63befaff376d3e0465253a,https://youtu.be/El6eSLRDFuo,ã€æ‚ ç™½ç²¾è¯ã€‘æ‚ ç™½æ¢ç›£æ—¥ - æ²’æœ‰ä¸€å€‹äººç›¸ä¿¡æ˜¯ç„¡è¾œçš„ With æ˜Ÿè¦‹é™ã€ é¼ å±‹æ —å¤ªã€ç¥ç¨»æ«»ç«ã€ç‘ªæ ¼éº—ç‰¹ã€ææéˆ´è˜­ã€è˜†æ£ å¸ƒå¥ˆã€æä»ãƒŸãƒ«  2021/09/30,1634,UCX3JkFyGq5Vtn8AnOVrXXSQ,åå­—éš¨æ™‚æ”¹Idle,å­—å¹•,2021-10-01,https://i.ytimg.com/vi/El6eSLRDFuo/mqdefault.jpg,FALSE
93533a61dda86f792c7c82b1291702aa,https://youtu.be/dzPw3guOOmo,ã€ç¥ç¨»æ«»ç«ã€‘ä¸Šç­ä¸Šèª²è¾›è‹¦äº† è®“ç«ç«çµ¦ä½ ä¸€å€‹å¤§å¤§çš„5MAå§ã€å°Vç²¾è¯ã€‘,58,UC0amSWI2KNVkrsxe040_mng,Ebifurai85 ç‚¸è¦,"åŠ é¹½é»‘ç³–, å°Vçƒ¤è‚‰MAN, é»‘ç³–, å°V, å°ç£Vtuber, å°ç£vtuber, çƒ¤è‚‰, ç²¾è¯, å°v, è™›æ“¬å¯¦æ³ä¸», è™›æ“¬ç›´æ’­ä¸», vtuber, ä¸­æ–‡å­—å¹•, å°Vç²¾è¯, ä¸­æ–‡ç²¾è¯, ä»‹ç´¹, çƒ¤è‚‰man, åŠ é¹½é»‘ç³–çƒ¤è‚‰, é»‘ç³–çƒ¤è‚‰, é»‘ç³–ç²¾è¯, å¯¦æ³ç²¾è¯, å°vç²¾è¯, çƒ¤è‚‰ç²¾è¯, Vtuberç²¾è¯, Vtuberçƒ¤è‚‰, ææéˆ´è˜­, ææéˆ´è˜­ V, ææéˆ´è˜­ v, ææéˆ´è˜­ çƒ¤è‚‰, ææéˆ´è˜­ ç²¾è¯, éˆ´è˜­ çƒ¤è‚‰, ææ ç²¾è¯, ææ çƒ¤è‚‰, ææéˆ´è˜­ å°v, ææéˆ´è˜­åˆé…ä¿¡, åˆé…ä¿¡, Lily Linglanåˆé…ä¿¡, Lily Lingla, ebifurai 85, ç‚¸è¦å¤©å©¦ç¾…, ç‚¸è¦å¤©å©¦ç¾…çƒ¤è‚‰å±‹, é‚„é¡˜Devotion, ç‘ªæ ¼éº—ç‰¹ï¼æº«ç‰¹æ–¯, ç¥ç¨»æ«»ç«",2021-11-01,https://i.ytimg.com/vi/dzPw3guOOmo/mqdefault.jpg,FALSE
8531c60be993654b203f115f708d16e7,https://youtu.be/bS6tpnughJ8,ã€ç¥ç¨»æ«»ç«ã€‘ç«ç«åˆé…ä¿¡å°±å±•ç¾çš„å¥½æ­Œè²?! èŠŠèŠŠCoverã€å°Vç²¾è¯ã€‘,256,UC0amSWI2KNVkrsxe040_mng,Ebifurai85 ç‚¸è¦,"åŠ é¹½é»‘ç³–, å°Vçƒ¤è‚‰MAN, é»‘ç³–, å°V, å°ç£Vtuber, å°ç£vtuber, çƒ¤è‚‰, ç²¾è¯, å°v, è™›æ“¬å¯¦æ³ä¸», è™›æ“¬ç›´æ’­ä¸», vtuber, ä¸­æ–‡å­—å¹•, å°Vç²¾è¯, ä¸­æ–‡ç²¾è¯, ä»‹ç´¹, çƒ¤è‚‰man, åŠ é¹½é»‘ç³–çƒ¤è‚‰, é»‘ç³–çƒ¤è‚‰, é»‘ç³–ç²¾è¯, å¯¦æ³ç²¾è¯, å°vç²¾è¯, çƒ¤è‚‰ç²¾è¯, Vtuberç²¾è¯, Vtuberçƒ¤è‚‰, ææéˆ´è˜­, ææéˆ´è˜­ V, ææéˆ´è˜­ v, ææéˆ´è˜­ çƒ¤è‚‰, ææéˆ´è˜­ ç²¾è¯, éˆ´è˜­ çƒ¤è‚‰, ææ ç²¾è¯, ææ çƒ¤è‚‰, ææéˆ´è˜­ å°v, ææéˆ´è˜­åˆé…ä¿¡, åˆé…ä¿¡, Lily Linglanåˆé…ä¿¡, Lily Lingla, ebifurai 85, ç‚¸è¦å¤©å©¦ç¾…, ç‚¸è¦å¤©å©¦ç¾…çƒ¤è‚‰å±‹, é‚„é¡˜Devotion, ç‘ªæ ¼éº—ç‰¹ï¼æº«ç‰¹æ–¯, ç¥ç¨»æ«»ç«",2021-10-24,https://i.ytimg.com/vi/bS6tpnughJ8/mqdefault.jpg,FALSE
bd0fe57a7c969aa798c7542475975970,https://youtu.be/c8G9lU9TlYs,ã€æ­Œå›ã€‘éŒ¯ä½æ™‚ç©º åˆå”± cover by ææç²è˜­&ç¥ç¨»æ«»ç«,213,UCVRtdmrLIstxDskxU0iO2mg,purple,,2022-01-29,https://i.ytimg.com/vi/c8G9lU9TlYs/mqdefault.jpg,FALSE
e28e89ae26c5db50501f979074851036,https://youtu.be/T_9pJ7CuYKM,ã€æ­Œå›ã€‘ ä½ çš„é…’é¤¨å°æˆ‘æ‰“äº†çƒŠ åˆå”± cover by ç¥ç¨»æ«»ç«&ç‘ªæ ¼éº—ç‰¹ï¼æº«ç‰¹æ–¯,248,UCVRtdmrLIstxDskxU0iO2mg,purple,,2022-01-04,https://i.ytimg.com/vi/T_9pJ7CuYKM/mqdefault.jpg,FALSE
d62097dd0c36c92ca5d1520c5517f78e,https://youtu.be/yYfT1MqwGuY,ã€æ­Œå›ã€‘ä¸é†‰ä¸æœƒ åˆå”± cover by ææéˆ´è˜­ ç¥ç¨»æ«»ç«,231,UCVRtdmrLIstxDskxU0iO2mg,purple,,2021-12-20,https://i.ytimg.com/vi/yYfT1MqwGuY/mqdefault.jpg,FALSE
f3ff3d8c5e62af49f682a0e52cadee91,https://youtu.be/5zNFy40r8dc,ã€æ­Œå›ã€‘ç‘ªæ ¼éº—ç‰¹ï¼æº«ç‰¹æ–¯&ç¥ç¨»æ«»ç«  ç„¡äººç†Ÿè­˜,271,UCVRtdmrLIstxDskxU0iO2mg,purple,,2021-11-17,https://i.ytimg.com/vi/5zNFy40r8dc/mqdefault.jpg,FALSE
96134b755f650bd648e1fde16f2a15a5,https://youtu.be/6KgK6FQqFAg,ã€ç¥ç¨»æ«»ç«ç²¾è¯ã€‘èµ·å¸è›‹é¤…å¥½è€¶~,16,UCr_FmhHolPmsld3saBQzLpQ,å½ˆå¡—é­š é˜¿é­š,,2022-04-28,https://i.ytimg.com/vi/6KgK6FQqFAg/mqdefault.jpg,FALSE
1d19ab6c3d94452a8eb81bb4b59a87a2,https://youtu.be/TH7Pqswe89s,ã€ç¥ç¨»æ«»ç«-éš¨å”±éš¨é¸ã€‘éŒ¯ä½æ™‚ç©ºã€Œå¡«ä¸æ»¿ åŠæ’è§€çœ¾çš„é›»å½±ç›´åˆ°æ•£ å ´æ™‚çªç„¶äº®èµ·ç‡ˆå­—å¹•å®šæ ¼åœ¨æŸæŸå‡ºå“å’Œç™¼è¡Œæˆ‘ç›®é€ ä»–å€‘è¡Œè‰²åŒ†åŒ†ã€ä¸­æ–‡å­—å¹•/æ­Œæ /éš¨å”±éš¨é¸/éŒ¯ä½æ™‚ç©º/Cover ç¥ç¨»æ«»ç«,197,UCaRUeG236s1oJoJibr1x8FA,é„­ä¸å®,,2022-01-31,https://i.ytimg.com/vi/TH7Pqswe89s/mqdefault.jpg,FALSE
6c8408d41da0d15655a51a563ca31abb,https://youtu.be/ehi1ehDCZ6k,ã€ç¥ç¨»æ«»ç«ã€‘ã€Œæ—©å®‰å‘±å‘±!!èŠå¤©å”±æ­Œ!! /æ®‹é…·ãªå¤©ä½¿ã®ãƒ†ãƒ¼ã‚¼ã€â”ƒå°‘å¹´ã‚ˆã€€ç¥è©±ã«ãªã‚Œ!!!ã€‚ Cover : ç¥ç¨»æ«»ç«KAMIINA HARUHI,267,UCLNblgp76mUbatOVY-TPD-g,å¹½å¤YoGuçš„DDå°é »é“,,2022-05-07,https://i.ytimg.com/vi/ehi1ehDCZ6k/mqdefault.jpg,FALSE
72e67bf2aa0e82ab6885f57480dc7ccc,https://youtu.be/GiGCiVRrsac,ã€ç¥ç¨»æ«»ç«ã€‘ã€Œæ—©å®‰å‘±å‘±!!èŠå¤©å”±æ­Œ!! /æ‹æ„›è£åˆ¤ ã€â”ƒOh! No! No! No!!!ã€‚ Cover : ç¥ç¨»æ«»ç«KAMIINA HARUHI,268,UCLNblgp76mUbatOVY-TPD-g,å¹½å¤YoGuçš„DDå°é »é“,,2022-05-06,https://i.ytimg.com/vi/GiGCiVRrsac/mqdefault.jpg,FALSE
9aff502577d5319541f51304540fbaa8,https://youtu.be/Uuhqq5tcwf4,ã€ç¥ç¨»æ«»ç«ã€‘ã€Œæ·±å¤œæ­Œå›YOOOO!!!! /è®Šæˆé™Œç”Ÿäººã€â”ƒæˆ‘é‚„ä¸å¤ å¥½ æŠ±æ­‰ æˆ‘ä¸å¦èª!!ã€‚ Cover : ç¥ç¨»æ«»ç«KAMIINA HARUHI,289,UCLNblgp76mUbatOVY-TPD-g,å¹½å¤YoGuçš„DDå°é »é“,,2022-04-23,https://i.ytimg.com/vi/Uuhqq5tcwf4/mqdefault.jpg,FALSE
bab954ba32628104efd980d41f308d35,https://youtu.be/3cZ3y-gyIds,ã€ç¥ç¨»æ«»ç«ã€‘ã€Œæ·±å¤œæ­Œå›YOOOO!!!! /æœƒå‘¼å¸çš„ç—›ã€â”ƒæƒ³å¿µæ˜¯æœƒå‘¼å¸çš„ç—›ã€€å®ƒæ´»åœ¨æˆ‘èº«ä¸Šæ‰€æœ‰è§’è½!!ã€‚ Cover : ç¥ç¨»æ«»ç«KAMIINA HARUHI,308,UCLNblgp76mUbatOVY-TPD-g,å¹½å¤YoGuçš„DDå°é »é“,,2022-04-22,https://i.ytimg.com/vi/3cZ3y-gyIds/mqdefault.jpg,FALSE
82c87876e5b7a75a066d4176f345aaef,https://youtu.be/swZM2L6m0gY,ã€ç¥ç¨»æ«»ç«ã€‘ã€Œæ·±å¤œæ­Œå›YOOOO!!!! /ä¸ƒå½©çš„å¾®é¢¨ã€â”ƒçç å»ä»”é­š!!ã€‚ Cover : ç¥ç¨»æ«»ç«KAMIINA HARUHI,310,UCLNblgp76mUbatOVY-TPD-g,å¹½å¤YoGuçš„DDå°é »é“,,2022-04-21,https://i.ytimg.com/vi/swZM2L6m0gY/mqdefault.jpg,FALSE
eaf9323a082c80c2f36912f97065a6f5,https://youtu.be/8Ww7Dlm_hB4,ã€ç¥ç¨»æ«»ç«ã€‘ã€Œæ·±å¤œæ­Œå›YOOOO!!!! /KINGã€â”ƒYouã€€areã€€KING!!ã€‚ Cover : ç¥ç¨»æ«»ç«KAMIINA HARUHI,167,UCLNblgp76mUbatOVY-TPD-g,å¹½å¤YoGuçš„DDå°é »é“,,2022-04-20,https://i.ytimg.com/vi/8Ww7Dlm_hB4/mqdefault.jpg,FALSE
7524b24aa1b30ef021e6846c329e9f9d,https://youtu.be/Wk8g8XE85xA,ã€ç¥ç¨»æ«»ç«ã€‘ã€Œæ·±å¤œæ­Œå›YOOOO!!!! / æ‰›å£©å­ã€â”ƒ æ‰›ä¸‹å»æ‰›ä¸‹å» æ¬¸!!ã€‚ Cover : ç¥ç¨»æ«»ç«KAMIINA HARUHI,300,UCLNblgp76mUbatOVY-TPD-g,å¹½å¤YoGuçš„DDå°é »é“,,2022-04-18,https://i.ytimg.com/vi/Wk8g8XE85xA/mqdefault.jpg,FALSE
dd8adfeaa4e3ac64a094e4497ef69dd6,https://youtu.be/dt3nyaGqywg,ã€ç¥ç¨»æ«»ç«ã€‘ã€Œæ·±å¤œæ­Œå›YOOOO!!!! / å¯‚å¯å¯‚å¯å°±å¥½ã€â”ƒ æˆ‘å¯‚å¯å¯‚å¯å°±å¥½ é€™æ™‚å€™èª°éƒ½åˆ¥ä¾†å®‰æ…°æ“æŠ±!!ã€‚ Cover : ç¥ç¨»æ«»ç«KAMIINA HARUHI,298,UCLNblgp76mUbatOVY-TPD-g,å¹½å¤YoGuçš„DDå°é »é“,,2022-04-17,https://i.ytimg.com/vi/dt3nyaGqywg/mqdefault.jpg,FALSE
a3c88ac124114a56bff221810bf15b85,https://youtu.be/Dx3-TkzsUpc,ã€ç¥ç¨»æ«»ç«ã€‘ã€Œæ·±å¤œæ­Œå›YOOOO!!!! / å¾å‰èªªã€â”ƒ å¾å‰å°åª½åª½èªªè¬Š  ç¿»å±±è¶Šå¶ºåªç‚ºèƒ½èˆ‡ä½ æ“æŠ±ä¸€å ´!!ã€‚ Cover : ç¥ç¨»æ«»ç«KAMIINA HARUHI,273,UCLNblgp76mUbatOVY-TPD-g,å¹½å¤YoGuçš„DDå°é »é“,,2022-04-16,https://i.ytimg.com/vi/Dx3-TkzsUpc/mqdefault.jpg,FALSE
40396985aedd54c8307486e30c67a50f,https://youtu.be/KuRZ78nmq5o,ã€ç¥ç¨»æ«»ç« KAMIINA HARUHIã€‘ã€ææéˆ´è˜­ Linglan Lilyã€‘ç‰½çµ²æˆ²-éŠ€è‡¨ & Akié˜¿æ° (Cover)(å·¦å³è²é“)ã€Šä¸­æ–‡æ­Œè©ã€‹,237,UCoFi9p0ou9ZvgkKEUm4yWKg,æŠ¹èŒ¶ç‘çƒ¤è‚‰,,2022-01-08,https://i.ytimg.com/vi/KuRZ78nmq5o/mqdefault.jpg,FALSE
ab88645a7353c73a7d86df6413505c18,https://youtu.be/x4pO5FZTE_0,ã€ç¥ç¨»æ«»ç« KAMIINA HARUHIã€‘ã€Š2021/11/25æ—©é¤å°å”±æ­Œã€‹ç´”å‰ªè¼¯ä½œæ¥­ç”¨BGM#14,1956,UCoFi9p0ou9ZvgkKEUm4yWKg,æŠ¹èŒ¶ç‘çƒ¤è‚‰,,2021-11-24,https://i.ytimg.com/vi/x4pO5FZTE_0/mqdefault.jpg,FALSE
c8a15db05850b50461ccf101dc3212f5,https://youtu.be/qKGdS6Obu_o,ã€ç¥ç¨»æ«»ç« KAMIINA HARUHIã€‘ã€Œç†±æ°´ç‹ã€ï¼ˆ?ï¼‰,8,UCoFi9p0ou9ZvgkKEUm4yWKg,æŠ¹èŒ¶ç‘çƒ¤è‚‰,,2021-11-07,https://i.ytimg.com/vi/qKGdS6Obu_o/mqdefault.jpg,FALSE
e6ff332e9659c535b5d185d433e6f213,https://youtu.be/vZ52vCb0MPE,ã€ç¥ç¨»æ«»ç«/KAMIINA HARUHIã€‘ã€Š2021/10/28æ—©é¤å°æ¸…å”±ã€‹ç´”å‰ªè¼¯ä½œæ¥­ç”¨BGM#1,995,UCoFi9p0ou9ZvgkKEUm4yWKg,æŠ¹èŒ¶ç‘çƒ¤è‚‰,,2021-10-28,https://i.ytimg.com/vi/vZ52vCb0MPE/mqdefault.jpg,FALSE
bee3bcdd48b9246ce1f2fcebbcf68458,https://youtu.be/o61mITKcw6U,ã€ç¥ç¨»æ«»ç« KAMIINA HARUHIã€‘ã€Šç¥ç¨»æ«»ç«ç²¾è¯ã€‹ã€Œå¥åº·çš„ç‹ç‹¸éƒ½åœ¨ä¸€å¤§æ—©é–‹å°ç”Ÿè‰ã€,211,UCoFi9p0ou9ZvgkKEUm4yWKg,æŠ¹èŒ¶ç‘çƒ¤è‚‰,,2021-10-27,https://i.ytimg.com/vi/o61mITKcw6U/mqdefault.jpg,FALSE
9a1d91eddb02134ca2713a4a06e70b63,https://youtu.be/N4l554RalnA,ã€ç¥ç¨»æ«»ç« KAMIINA HARUHIã€‘ã€Šç„¡äººç†Ÿè­˜ã€‹COVERã€Œé€™éš»ç‹ç‹¸é‚„æœƒå°èª?!ã€,273,UCoFi9p0ou9ZvgkKEUm4yWKg,æŠ¹èŒ¶ç‘çƒ¤è‚‰,,2021-10-27,https://i.ytimg.com/vi/N4l554RalnA/mqdefault.jpg,FALSE
637007af2968875215b9b75c780f6f20,https://youtu.be/CREueHmSLVM,ã€ç¥ç¨»æ«»ç« KAMIINA HARUHIã€‘ã€Šæ·šäº†ã€‹COVERã€Œå‹¾èµ·å¤§å®¶çš„å›æ†¶ã€,269,UCoFi9p0ou9ZvgkKEUm4yWKg,æŠ¹èŒ¶ç‘çƒ¤è‚‰,,2021-10-27,https://i.ytimg.com/vi/CREueHmSLVM/mqdefault.jpg,FALSE
e9a379ca453b93bbe8efcbd43be4577c,https://youtu.be/B6W5FhlzbNc,ã€ç¥ç¨»æ«»ç« KAMIINA HARUHIã€‘ã€Šå¦„æƒ³ç¨…ã€‹COVERã€Œå¯æ„›çš„ç«ç«è¦ä¾†æ”¶ç¨…å•¦!ã€,213,UCoFi9p0ou9ZvgkKEUm4yWKg,æŠ¹èŒ¶ç‘çƒ¤è‚‰,,2021-10-27,https://i.ytimg.com/vi/B6W5FhlzbNc/mqdefault.jpg,FALSE
93552901438fb5ac1e423c5d7ba508f8,https://youtu.be/H5uwPhxR9rM,ã€ç¥ç¨»æ«»ç« KAMIINA HARUHIã€‘ã€ŠèŠŠèŠŠã€‹COVERã€Œé€™éš»ç‹ç‹¸éƒ½å”±é‚£éº¼é«˜éŸ³å—ã€,237,UCoFi9p0ou9ZvgkKEUm4yWKg,æŠ¹èŒ¶ç‘çƒ¤è‚‰,,2021-10-27,https://i.ytimg.com/vi/H5uwPhxR9rM/mqdefault.jpg,FALSE
40f39ad3f715dfc7262a03adea805371,https://youtu.be/MW7irNrUdJ4,ã€ç¥ç¨»æ«»ç« KAMIINA HARUHIã€‘ã€Šå……æ»¿å¿Œå¦’çš„ä¸€å€‹äººæ‰è¿·è—ã€‹COVERã€Œåˆé…ä¿¡å°±è®“å¤§å®¶è€³æœµæ‡·å­•!?ã€,201,UCoFi9p0ou9ZvgkKEUm4yWKg,æŠ¹èŒ¶ç‘çƒ¤è‚‰,,2021-10-26,https://i.ytimg.com/vi/MW7irNrUdJ4/mqdefault.jpg,FALSE
1f195779705fcf9e692784bc2b8e0411,https://youtu.be/fHvTI93EtJ4,ã€èŒ¸èŒ¸é¼ Komame ã€‘ç¥ç¨»æ«»ç«é€£å‹•!æ¶ˆå¤±äº†!?ç«..åŒ–!?ã€ã‚‚ã¡ã“ã¾ã‚ã€‘ã€æ­Œå›ã€‘ã€VTuberã€‘,148,UC4R5TJWPjsxK49bjSAIJhbQ,é¢ç¢¼,"Rumiæ‡¶è²“å­, rumiã¡ã‚ƒã‚“ã¿ã¦ã¿ã¦, æ‡¶è²“å­, æ‡¶è²“å­Rumi, å¯¦æ³ç²¾è¯, æ‡¶è²“, è²è‰è“, ASMR, Miru, è€å¤§, èŒ¸èŒ¸é¼ , å°ç£meme, meme, æ´›å¯æ´›æ–¯ç‰¹, ææéˆ´è˜­, å°ç£è¿·å› , å°ç£, Vtuber",2022-06-25,https://i.ytimg.com/vi/fHvTI93EtJ4/mqdefault.jpg,FALSE
034d4c20f070868b36639d98c7e7092f,https://youtu.be/NL-ydGY_Hjc,ã€ç¥ç¨»æ«»ç«ã€‘æ¸ºå°ã€å»ºè­°æˆ´è€³æ©Ÿã€‘ã€æ­Œå›ã€‘ã€å°ç£vtuberã€‘,285,UC4R5TJWPjsxK49bjSAIJhbQ,é¢ç¢¼,"Rumiæ‡¶è²“å­, rumiã¡ã‚ƒã‚“ã¿ã¦ã¿ã¦, æ‡¶è²“å­, æ‡¶è²“å­Rumi, å¯¦æ³ç²¾è¯, æ‡¶è²“, è²è‰è“, ASMR, Miru, è€å¤§, èŒ¸èŒ¸é¼ , å°ç£meme, meme, æ´›å¯æ´›æ–¯ç‰¹, ææéˆ´è˜­, å°ç£è¿·å› , å°ç£, Vtuber",2022-04-28,https://i.ytimg.com/vi/NL-ydGY_Hjc/mqdefault.jpg,FALSE
2b1683305c89f1dcb1fbb973fa26a19d,https://youtu.be/2n-DdpGLDyI,ã€ç¥ç¨»æ«»ç«ã€‘å¹´è¼ªã€å»ºè­°æˆ´è€³æ©Ÿã€‘ã€æ­Œå›ã€‘ã€å°ç£vtuberã€‘,269,UC4R5TJWPjsxK49bjSAIJhbQ,é¢ç¢¼,"Rumiæ‡¶è²“å­, rumiã¡ã‚ƒã‚“ã¿ã¦ã¿ã¦, æ‡¶è²“å­, æ‡¶è²“å­Rumi, å¯¦æ³ç²¾è¯, æ‡¶è²“, è²è‰è“, ASMR, Miru, è€å¤§, èŒ¸èŒ¸é¼ , å°ç£meme, meme, æ´›å¯æ´›æ–¯ç‰¹, ææéˆ´è˜­, å°ç£è¿·å› , å°ç£, Vtuber",2022-03-09,https://i.ytimg.com/vi/2n-DdpGLDyI/mqdefault.jpg,FALSE
995426ca94814096dd1e0b380df9129d,https://youtu.be/1wII77LOgNQ,ã€ç¥ç¨»æ«»ç«ã€‘ä½ çš„é…’é¤¨å°æˆ‘æ‰“äº†çƒŠã€å»ºè­°æˆ´è€³æ©Ÿã€‘ã€æ­Œå›ã€‘ã€å°ç£vtuberã€‘,244,UC4R5TJWPjsxK49bjSAIJhbQ,é¢ç¢¼,"Rumiæ‡¶è²“å­, rumiã¡ã‚ƒã‚“ã¿ã¦ã¿ã¦, æ‡¶è²“å­, æ‡¶è²“å­Rumi, å¯¦æ³ç²¾è¯, æ‡¶è²“, è²è‰è“, ASMR, Miru, è€å¤§, èŒ¸èŒ¸é¼ , å°ç£meme, meme, æ´›å¯æ´›æ–¯ç‰¹, ææéˆ´è˜­, å°ç£è¿·å› , å°ç£, Vtuber, ä½ çš„é…’é¤¨å°æˆ‘æ‰“äº†çƒŠ",2022-01-21,https://i.ytimg.com/vi/1wII77LOgNQ/mqdefault.jpg,FALSE
02c9d69e1e7eb76fc388aeff27b60ef8,https://youtu.be/yKxvIWCdCuk,ã€ç¥ç¨»æ«»ç«ã€‘è²“é ­é·¹ã€å»ºè­°æˆ´è€³æ©Ÿã€‘ã€æ­Œå›ã€‘ã€å°ç£vtuberã€‘,286,UC4R5TJWPjsxK49bjSAIJhbQ,é¢ç¢¼,"Rumiæ‡¶è²“å­, rumiã¡ã‚ƒã‚“ã¿ã¦ã¿ã¦, æ‡¶è²“å­, æ‡¶è²“å­Rumi, å¯¦æ³ç²¾è¯, æ‡¶è²“, è²è‰è“, ASMR, Miru, è€å¤§, èŒ¸èŒ¸é¼ , å°ç£meme, meme, æ´›å¯æ´›æ–¯ç‰¹, ææéˆ´è˜­, å°ç£è¿·å› , å°ç£, Vtuber, é›²éš›ç·š, ç¥ç¨»æ«»ç«, è¿·å› , MEME",2022-01-14,https://i.ytimg.com/vi/yKxvIWCdCuk/mqdefault.jpg,FALSE
cdc669e87f7122297d80010b3305c9b5,https://youtu.be/lTHb2vml8Xw,ã€ç¥ç¨»æ«»ç«ã€‘ç«ç«çœ‹è¿·å› !ã€åª’åµå··ã€‘ã€è¿·å› ã€‘ã€105åº¦ã€‘ã€å°ç£vtuberã€‘,138,UC4R5TJWPjsxK49bjSAIJhbQ,é¢ç¢¼,"Rumiæ‡¶è²“å­, rumiã¡ã‚ƒã‚“ã¿ã¦ã¿ã¦, æ‡¶è²“å­, æ‡¶è²“å­Rumi, å¯¦æ³ç²¾è¯, æ‡¶è²“, è²è‰è“, ASMR, Miru, è€å¤§, èŒ¸èŒ¸é¼ , å°ç£meme, meme, æ´›å¯æ´›æ–¯ç‰¹, ææéˆ´è˜­, å°ç£è¿·å› , å°ç£, Vtuber, è¿·å› , MEME, ç¥ç¨»æ«»ç«, 105åº¦",2022-01-13,https://i.ytimg.com/vi/lTHb2vml8Xw/mqdefault.jpg,FALSE
54f66555dde9628af34c1ff9547ea6f2,https://youtu.be/5RB-lg1BDGI,ã€ç¥ç¨»æ«»ç«ã€‘ä¸€äººåˆ†é£¾å…©è§’å”± æ¶¼æ¶¼ã€å»ºè­°æˆ´è€³æ©Ÿã€‘ã€ä¸‰ç”Ÿä¸‰ä¸–åé‡Œæ¡ƒèŠ±ã€‘ã€å°ç£vtuberã€‘,309,UC4R5TJWPjsxK49bjSAIJhbQ,é¢ç¢¼,"Rumiæ‡¶è²“å­, rumiã¡ã‚ƒã‚“ã¿ã¦ã¿ã¦, æ‡¶è²“å­, æ‡¶è²“å­Rumi, å¯¦æ³ç²¾è¯, æ‡¶è²“, è²è‰è“, ASMR, Miru, è€å¤§, èŒ¸èŒ¸é¼ , å°ç£meme, meme, æ´›å¯æ´›æ–¯ç‰¹, ææéˆ´è˜­, å°ç£è¿·å› , å°ç£, Vtuber",2022-01-09,https://i.ytimg.com/vi/5RB-lg1BDGI/mqdefault.jpg,FALSE
a67fd1b7a1015dfb26d95b640bd6cf1a,https://youtu.be/Rkr2SQlfuM8,ã€ç¥ç¨»æ«»ç«ã€‘ç”·å­æ¼¢ã€å»ºè­°æˆ´è€³æ©Ÿã€‘ã€èŠ±æœ¨è˜­ã€‘ã€å°ç£vtuberã€‘,205,UC4R5TJWPjsxK49bjSAIJhbQ,é¢ç¢¼,"Rumiæ‡¶è²“å­, rumiã¡ã‚ƒã‚“ã¿ã¦ã¿ã¦, æ‡¶è²“å­, æ‡¶è²“å­Rumi, å¯¦æ³ç²¾è¯, æ‡¶è²“, è²è‰è“, ASMR, Miru, è€å¤§, èŒ¸èŒ¸é¼ , å°ç£meme, meme, æ´›å¯æ´›æ–¯ç‰¹, ææéˆ´è˜­, å°ç£è¿·å› , å°ç£, Vtuber, ç¥ç›œæ«»ç«, æˆé¾, ç”·å­æ¼¢, èŠ±æœ¨è˜­, å³å®—æ†²",2022-01-06,https://i.ytimg.com/vi/Rkr2SQlfuM8/mqdefault.jpg,FALSE
a1e4c501854b51c1780a3780980f2a73,https://youtu.be/qyvSRPD1jc4,ã€ç¥ç¨»æ«»ç«ã€‘å¥½åƒé­”æ³•æ­£å¸¸ç‰ˆä½†æ˜¯æœ‰é™åˆ¶!?ç¥ç›œæ«»ç«å·èµ°ä½ çš„å¿ƒâ¤ç«ç«æœ€æ„›çš„é¤…ä¹¾!ã€å»ºè­°æˆ´è€³æ©Ÿã€‘ã€å°ç£vtuberã€‘,220,UC4R5TJWPjsxK49bjSAIJhbQ,é¢ç¢¼,"Rumiæ‡¶è²“å­, rumiã¡ã‚ƒã‚“ã¿ã¦ã¿ã¦, æ‡¶è²“å­, æ‡¶è²“å­Rumi, å¯¦æ³ç²¾è¯, æ‡¶è²“, è²è‰è“, ASMR, Miru, è€å¤§, èŒ¸èŒ¸é¼ , å°ç£meme, meme, æ´›å¯æ´›æ–¯ç‰¹, ææéˆ´è˜­, å°ç£è¿·å› , å°ç£, Vtuber",2021-11-01,https://i.ytimg.com/vi/qyvSRPD1jc4/mqdefault.jpg,FALSE
fc9dd2b58b03c2b85ea6c6a504283806,https://youtu.be/L7sjfh3LBQI,ã€ç¥ç¨»æ«»ç«ã€‘é‡˜å®®ä¸‰é€£!?é‚„æœ‰éš±è—ç‰ˆã€å»ºè­°æˆ´è€³æ©Ÿã€‘ã€å°ç£vtuberã€‘,79,UC4R5TJWPjsxK49bjSAIJhbQ,é¢ç¢¼,"Rumiæ‡¶è²“å­, rumiã¡ã‚ƒã‚“ã¿ã¦ã¿ã¦, æ‡¶è²“å­, æ‡¶è²“å­Rumi, å¯¦æ³ç²¾è¯, æ‡¶è²“, è²è‰è“, ASMR, Miru, è€å¤§, èŒ¸èŒ¸é¼ , å°ç£meme, meme, æ´›å¯æ´›æ–¯ç‰¹, ææéˆ´è˜­, å°ç£è¿·å› , å°ç£, Vtuber, ç¥ç¨»æ«»ç«",2021-10-30,https://i.ytimg.com/vi/L7sjfh3LBQI/mqdefault.jpg,FALSE
b5c1e4bafe3a8944b2951f4968afff7d,https://youtu.be/CiXQOQFLAPo,ã€ç¥ç¨»æ«»ç«ã€‘æ–½å®Œå¥½åƒé­”æ³•çš„ å¤–è³£~å’–å“©æ‹Œé£¯!? é£¯å¾Œç”œé» ä½ è¦ä¸è¦åƒå“ˆå¯†å“ˆ  ã€å¤–è³£å’–å“©æ‹Œé£¯ã€‘ã€å°ç£è¿·å› ã€‘ã€memeã€‘ã€å»ºè­°æˆ´è€³æ©Ÿã€‘ã€å°ç£vtuberã€‘,89,UC4R5TJWPjsxK49bjSAIJhbQ,é¢ç¢¼,"Rumiæ‡¶è²“å­, rumiã¡ã‚ƒã‚“ã¿ã¦ã¿ã¦, æ‡¶è²“å­, æ‡¶è²“å­Rumi, å¯¦æ³ç²¾è¯, æ‡¶è²“, è²è‰è“, ASMR, Miru, è€å¤§, èŒ¸èŒ¸é¼ , å°ç£meme, meme, æ´›å¯æ´›æ–¯ç‰¹, ææéˆ´è˜­, å°ç£è¿·å› , å°ç£, Vtuber, ç¥ç¨»æ«»ç«",2021-10-29,https://i.ytimg.com/vi/CiXQOQFLAPo/mqdefault.jpg,FALSE
5bc1e64886902fa0d97e6031bd0c0ebb,https://youtu.be/odKC43W2N1M,ã€ç¥ç¨»æ«»ç«ã€‘è·Ÿç‹ç©ææ€–éŠæˆ²(X å­¸è¿·å› å›‰ åˆã„ã„§ã„¤åˆå¯æ„›  ã€è¶…å¤§é›™äººåºŠã€‘ã€å¯æ„›çš„ç‹—å‹¾ã€‘ã€å»ºè­°æˆ´è€³æ©Ÿã€‘ã€å°ç£vtuberã€‘,223,UC4R5TJWPjsxK49bjSAIJhbQ,é¢ç¢¼,"Rumiæ‡¶è²“å­, rumiã¡ã‚ƒã‚“ã¿ã¦ã¿ã¦, æ‡¶è²“å­, æ‡¶è²“å­Rumi, å¯¦æ³ç²¾è¯, æ‡¶è²“, è²è‰è“, ASMR, Miru, è€å¤§, èŒ¸èŒ¸é¼ , å°ç£meme, meme, æ´›å¯æ´›æ–¯ç‰¹, ææéˆ´è˜­, å°ç£è¿·å› , å°ç£, Vtuber, ç¥ç¨»æ«»ç«",2021-10-26,https://i.ytimg.com/vi/odKC43W2N1M/mqdefault.jpg,FALSE
8c78acbdb3413ecabca904bf5acee4d3,https://youtu.be/qRjvyYhGrQY,ã€ç¥ç¨»æ«»ç«ã€‘ç¥ç¨»æ«»ç« åˆé…ä¿¡ å„ç¨®çœŸé¦™ ã€åˆé…ä¿¡ã€‘ã€å»ºè­°æˆ´è€³æ©Ÿã€‘ã€å°ç£vtuberã€‘,233,UC4R5TJWPjsxK49bjSAIJhbQ,é¢ç¢¼,"Rumiæ‡¶è²“å­, rumiã¡ã‚ƒã‚“ã¿ã¦ã¿ã¦, æ‡¶è²“å­, æ‡¶è²“å­Rumi, å¯¦æ³ç²¾è¯, æ‡¶è²“, è²è‰è“, ASMR, Miru, è€å¤§, èŒ¸èŒ¸é¼ , å°ç£meme, meme, æ´›å¯æ´›æ–¯ç‰¹, ææéˆ´è˜­, å°ç£è¿·å› , å°ç£, Vtuber, ç¥ç¨»æ«»ç«, ç‹å¶½ç™¾æ™¯",2021-10-24,https://i.ytimg.com/vi/qRjvyYhGrQY/mqdefault.jpg,FALSE
24f6e831b99718b815878553ddebec19,https://youtu.be/vI-F-m4TSDs,ã€ç¥ç¨»æ«»ç«ã€‘éŸ³è¨Šè½‰æˆç‹å‘±,87,UCXDRnMhUnTuvDEAf9N_lyRQ,ç™½å¼“ éš¨æ„çƒ¤,"é›²éš›ç·š, CloudHorizon, å°V, Vtuber, ç¥ç¨»æ«»ç«, KamiinaHaruhi",2021-12-30,https://i.ytimg.com/vi/vI-F-m4TSDs/mqdefault.jpg,FALSE
5e29ce6624b982043d393b686e8096ca,https://youtu.be/VTEDX7E6-1M,ã€ç¥ç¨»æ«»ç«ã€‘å·¦æ‰‹æŒ‡æœˆ(ç¥ç¨»æ«»ç«COVER),232,UCXDRnMhUnTuvDEAf9N_lyRQ,ç™½å¼“ éš¨æ„çƒ¤,"é›²éš›ç·š, CloudHorizon, å°V, Vtuber, å·¦æ‰‹æŒ‡æœˆ, ç¥ç¨»æ«»ç«, KamiinaHaruhi",2021-11-20,https://i.ytimg.com/vi/VTEDX7E6-1M/mqdefault.jpg,FALSE
5f2cce1cd71d2853293b262fd232dba8,https://youtu.be/UH9T8skOSkk,ã€#é›²éš›ç·šä¼åŠƒã€‘ç²¾æ˜å¹¹ç·´å„ªé›…çš„ï¼¯ï¼¬æ˜¯ä»€éº¼æ¨¡æ¨£ï¼Ÿï¼æœŸå¾…å‘¨é»˜çš„åˆé…ä¿¡ï¼ï¼ft. ç‘ªæ ¼éº—ç‰¹æº«ç‰¹æ–¯ã€ææéˆ´è˜­ã€ç¥ç¨»æ«»ç«ï½œæ‚ ç™½Ubye #Ubye #æ‚ ç™½ #é›²éš›ç·š,6301,UC-o-1qjKkMLq-ZFxXIzOUBQ,æ‚ ç™½Ubye,"æ‚ ç™½, æµ®é›², vtuber, å°V, å°ç£Vtuber, holo, å½©è™¹, ç²¾è¯, ç™½ç²‰, hololive, æµ·å°¼æ ¹, æ‰“å—, NIJISANJI, å„ªç™½, Ubye, æ‚ ç™½å‘¨å¹´æ…¶, å»¢ç‰‡, é¦¬æ‹‰æ¾, é›²éš›ç·š, ç‘ªæ ¼éº—ç‰¹, ç‘ªæ ¼éº—ç‰¹æº«ç‰¹æ–¯, ææéˆ´è˜­, ç¥ç¨»æ«»ç«, Cloud Horizon, æ¡Œè§’, é›²éš›ç·šå·¥ä½œå®¤",2022-05-29,https://i.ytimg.com/vi/UH9T8skOSkk/mqdefault.jpg?v=628ba596,FALSE
7f61955a754497d30ce95eff87c6df62,https://youtu.be/AaTn-Z9OGd4,ã€#ç™½ç«ã€‘ç¹ªåœ–å…‰è­œä¸Šçš„å…©å€‹æ¥µç«¯ç©¶ç«Ÿæœƒæ“¦å‡ºä»€éº¼ç™½è‰²ç«èŠ±ï¼Ÿï¼æ»‘é¼ äº¤æ›ç¹ªæ¥é¾ï¼ft. @ç¥ç¨»æ«»ç«KAMIINA HARUHI ã€CloudHorizonæ‰€å±¬ã€‘ï½œ #æ‚ ç™½ #Ubye,6287,UC-o-1qjKkMLq-ZFxXIzOUBQ,æ‚ ç™½Ubye,"æ‚ ç™½, æµ®é›², vtuber, å°V, å°ç£Vtuber, holo, å½©è™¹, ç²¾è¯, ç™½ç²‰, hololive, æµ·å°¼æ ¹, æ‰“å—, NIJISANJI, å„ªç™½, Ubye, æ‚ ç™½å‘¨å¹´æ…¶, å»¢ç‰‡, é¦¬æ‹‰æ¾, é›²éš›ç·š, ç‘ªæ ¼éº—ç‰¹, ç‘ªæ ¼éº—ç‰¹æº«ç‰¹æ–¯, ææéˆ´è˜­, ç¥ç¨»æ«»ç«, Cloud Horizon, æ¡Œè§’, é›²éš›ç·šå·¥ä½œå®¤",2022-03-20,https://i.ytimg.com/vi/AaTn-Z9OGd4/mqdefault.jpg?v=622b2080,FALSE
b15d178d4e8490da7996a092b7a0f134,https://youtu.be/mp3NOvxsr5M,ã€#é›²éš›ç·šä¼åŠƒã€‘èµ°æ ¼å­æŒ‘æˆ°ï¼è³ªå•èˆ‡å†’éšªçš„ç¾æ¥ç”Ÿæ­»æ±ºé¬¥ï¼ft. ç‘ªæ ¼éº—ç‰¹æº«ç‰¹æ–¯ã€ææéˆ´è˜­ã€ç¥ç¨»æ«»ç«ï½œæ‚ ç™½Ubye #Ubye #æ‚ ç™½ #é›²éš›ç·š,8094,UC-o-1qjKkMLq-ZFxXIzOUBQ,æ‚ ç™½Ubye,"æ‚ ç™½, æµ®é›², vtuber, å°V, å°ç£Vtuber, holo, å½©è™¹, ç²¾è¯, ç™½ç²‰, hololive, æµ·å°¼æ ¹, æ‰“å—, NIJISANJI, å„ªç™½, Ubye, æ‚ ç™½å‘¨å¹´æ…¶, å»¢ç‰‡, é¦¬æ‹‰æ¾",2022-01-26,https://i.ytimg.com/vi/mp3NOvxsr5M/mqdefault.jpg?v=61ea5045,FALSE
b6b8433451a45635cc8891e693fa55b6,https://youtu.be/OfYP_RzVBXQ,ã€è–èª•ç‰¹ä¼ã€‘ç•¶æ‚ ç™½ç˜‹ç‹‚å°æ«»ç«å‘Šç™½ï¼æ‚ ç™½å°æ«»ç«å‘Šç™½å°è©å›ï¼ft. ç¥ç¨»æ«»ç«ï½œæ‚ ç™½Ubye #Uç™½ #æ‚ ç™½ #é›²éš›ç·š #ç¥ç¨»æ«»ç« #ç™½ç« #ç™½ç«é€å¹¸ç‹,12048,UC-o-1qjKkMLq-ZFxXIzOUBQ,æ‚ ç™½Ubye,"æ‚ ç™½, æµ®é›², vtuber, å°V, å°ç£Vtuber, holo, å½©è™¹, ç²¾è¯, ç™½ç²‰, hololive, æµ·å°¼æ ¹, æ‰“å—, NIJISANJI, å„ªç™½, Ubye, æ‚ ç™½å‘¨å¹´æ…¶, å»¢ç‰‡, é¦¬æ‹‰æ¾",2021-12-22,https://i.ytimg.com/vi/OfYP_RzVBXQ/mqdefault.jpg?v=61b76fdd,FALSE
450a93f7d45cfb0dfeca05056bd1b8d3,https://youtu.be/N8WR-_4e8-E,ã€ç¥ç¨»æ«»ç«ã€‘å°±çŸ¥é“å“ˆå§†å¤ªéƒæœ‰å•é¡Œ ç›´æ’­ç²¾è¯,73,UCOm3ZQCY2ySCzLYOeIYxcIg,æ–°æ©‹ é¡Kagami,"ç¥ç¨»æ«»ç«, ç¥ç¨»æ«»ç«ç²¾è¯, å°ç£VTuber, VTuber",2022-04-17,https://i.ytimg.com/vi/N8WR-_4e8-E/mqdefault.jpg,FALSE
333a9adae2e75962f46827a33c2ae904,https://youtu.be/CyReaha9zDc,ã€ç¥ç¨»æ«»ç«ã€‘ã„ã¬ã­ã“ã€‚é’æ˜¥çœŸã£ç››ã‚Š Cover,210,UCOm3ZQCY2ySCzLYOeIYxcIg,æ–°æ©‹ é¡Kagami,,2022-01-30,https://i.ytimg.com/vi/CyReaha9zDc/mqdefault.jpg,FALSE
1ec268adf1a2f2560c2caf0c6a7f9686,https://youtu.be/02EhbJiCt4I,ğŸŒ¸ç¥ç¨»æ«»ç«å…©è¬è¨‚é–±ç¥è³€å½±ç‰‡ğŸŒ¸,255,UCOm3ZQCY2ySCzLYOeIYxcIg,æ–°æ©‹ é¡Kagami,,2021-12-28,https://i.ytimg.com/vi/02EhbJiCt4I/mqdefault.jpg,FALSE
9bb74b32f3a3b621c9fb16e615952c8d,https://youtu.be/BHlhKYgiUGM,ã€ç¥ç¨»æ«»ç«ã€‘åœ¨å¤©æ–‡é¤¨åæ¢éšªè»Šååˆ°å“­å‡ºä¾†çš„éœç‚®ç¶“æ­·,130,UCOm3ZQCY2ySCzLYOeIYxcIg,æ–°æ©‹ é¡Kagami,"ç¥ç¨»æ«»ç«, æ—©å®‰å°, è¿·å› , ç²¾è¯, å¤©æ–‡é¤¨",2021-11-20,https://i.ytimg.com/vi/BHlhKYgiUGM/mqdefault.jpg,FALSE
a0eaa0f4e8dbfea4d32434eecc7a9092,https://youtu.be/4UC_qQlqR0M,ã€ç¥ç¨»æ«»ç«ã€‘ è‚¥å®…å¿«æ¨‚ç« ç¾¤é’meme,24,UCOm3ZQCY2ySCzLYOeIYxcIg,æ–°æ©‹ é¡Kagami,"ç¥ç¨»æ«»ç«, è¿·å› , å»¢ç‰‡",2021-11-17,https://i.ytimg.com/vi/4UC_qQlqR0M/mqdefault.jpg,FALSE
ef19fc7f011c6ae82fdc8f1c5620b7b8,https://youtu.be/jhOgWimW5-I,ç«ç«UMAâ¤ #ç¥ç¨»æ«»ç« #é›²éš›ç·š,1,UCOm3ZQCY2ySCzLYOeIYxcIg,æ–°æ©‹ é¡Kagami,,2021-10-29,https://i.ytimg.com/vi/jhOgWimW5-I/mqdefault.jpg,FALSE
fb80b12e10778ba02bfdf5aebeef1113,https://youtu.be/rvnQzkw11RM,ã€ç¥ç¨»æ«»ç«ã€‘å¦„æƒ³ç¨…/ DECO*27,213,UC0pqaEZI2HMUNihs9VV-5Pw,é‡‘å£,"DECO*27, å”±æ­Œ",2021-10-24,https://i.ytimg.com/vi/rvnQzkw11RM/mqdefault.jpg,FALSE
108a68056b69898a49ae5d330d68b3da,https://youtu.be/2m8WSFIfTWc,ã€ç¥ç¨»æ«»ç«ç²¾è¯å‰ªè¼¯ã€‘æ£‰èŠ±ç³–æ™‚é–“è®Šå”¸SCå°è©å›??çœŸä¸æ„§æ˜¯çœ‹äº†500å¹´é›»è¦–çš„ç«ç«ğŸŒ¸ğŸ¸(è«‹ä½©æˆ´è€³æ©Ÿæ”¶çœ‹~),857,UCOlnOa378z3sNFi7ZcfOFtQ,C.Y.R-å¥‡äºé­¯,"ç¥ç¨»æ«»ç«, å°v, é›²éš›ç·š, KAMIINA HARUHI, ç«ç«, ç‹å‘±, å‘±å‘±, ç¥é“é·¹ç«, ç¥é“, ç‡Ÿç«, æ«»ç«",2021-11-06,https://i.ytimg.com/vi/2m8WSFIfTWc/mqdefault.jpg,FALSE
bc982d7ce83dd3549839b2b1eb840cfd,https://youtu.be/ka5T63jCdpM,é‚£å¥³å­©å°æˆ‘èªª/é»ƒç¾©é” (ç¥ç¨»æ«»ç«COVER),258,UCLvHIu6SlafE3EIf0wlsPpA,å¤§Boingé¸šéµ¡,,2022-02-01,https://i.ytimg.com/vi/ka5T63jCdpM/mqdefault.jpg,FALSE
5b3b73ec36629f96cf1df8a493103ea4,https://youtu.be/27rGGnndnaA,å¤¢é†’æ™‚åˆ† ç¥ç¨»æ«»ç«COVER,228,UCLvHIu6SlafE3EIf0wlsPpA,å¤§Boingé¸šéµ¡,,2022-01-20,https://i.ytimg.com/vi/27rGGnndnaA/mqdefault.jpg,FALSE
33c79dbd17caed40839c0dddb953d5ed,https://youtu.be/QncTKm7WIF0,å‹‡ä¸å¤±è¯çš„æ„›  ç¥ç¨»æ«»ç«COVER,254,UCLvHIu6SlafE3EIf0wlsPpA,å¤§Boingé¸šéµ¡,,2022-01-20,https://i.ytimg.com/vi/QncTKm7WIF0/mqdefault.jpg,FALSE
84f1303178f78bfe388db61de7f59422,https://youtu.be/dqel42kdw80,æœƒå‘¼å¸çš„ç—› ç¥ç¨»æ«»ç«COVER,243,UCLvHIu6SlafE3EIf0wlsPpA,å¤§Boingé¸šéµ¡,,2022-01-18,https://i.ytimg.com/vi/dqel42kdw80/mqdefault.jpg,FALSE
22867333976e5d7350e0adec3e443833,https://youtu.be/34wg5SFp0Zg,æš–æš– ç¥ç¨»æ«»ç«COVER,203,UCLvHIu6SlafE3EIf0wlsPpA,å¤§Boingé¸šéµ¡,,2022-01-17,https://i.ytimg.com/vi/34wg5SFp0Zg/mqdefault.jpg,FALSE
ae98575d4bf4672a111f4f3977ad927b,https://youtu.be/608F-02VwjU,ç¥ç¨»æ«»ç« å»¢ç‰‡,46,UCLvHIu6SlafE3EIf0wlsPpA,å¤§Boingé¸šéµ¡,,2022-01-05,https://i.ytimg.com/vi/608F-02VwjU/mqdefault.jpg,FALSE
904b6efc6f10365cd7ce0304eeaf5feb,https://youtu.be/ldjdc0Xqv7w,GHOST (ç¥ç¨»æ«»ç«COVER),266,UCLvHIu6SlafE3EIf0wlsPpA,å¤§Boingé¸šéµ¡,,2021-12-28,https://i.ytimg.com/vi/ldjdc0Xqv7w/mqdefault.jpg,FALSE
bd08728469f3fb7afcf7ba738f250bd0,https://youtu.be/6O15ry3jQvk,é¤˜æ³¢ç›ªæ¼¾ å­—å¹•ç‰ˆ (ç¥ç¨»æ«»ç«COVER),282,UCLvHIu6SlafE3EIf0wlsPpA,å¤§Boingé¸šéµ¡,,2021-12-23,https://i.ytimg.com/vi/6O15ry3jQvk/mqdefault.jpg,FALSE
a211bc777026e219b9e78b59abef4bee,https://youtu.be/BMPjKSwJpZ4,å¿ƒè£¡æœ‰é‡ (ç¥ç¨»æ«»ç«COVER) #ç¥ç¨»æ«»ç«,294,UCLvHIu6SlafE3EIf0wlsPpA,å¤§Boingé¸šéµ¡,,2021-12-20,https://i.ytimg.com/vi/BMPjKSwJpZ4/mqdefault.jpg,FALSE
512319511550a6c85d28aa7d0d392f92,https://youtu.be/et2zeN-ObaQ,ã€ç¥ç¨»æ«»ç«å‰ªè¼¯ç²¾è¯ã€‘ä½ å€‘çœ‹!æ˜¯ä¸æ˜¯!æŠ½åˆ°äº†!!ç¬‘åˆ°å½¢è±¡å´©å£çš„ç‹,59,UCtWSz-_uDzCJxJbDqD24fFQ,å‚æ«»æ¡‘,,2022-04-14,https://i.ytimg.com/vi/et2zeN-ObaQ/mqdefault.jpg,FALSE
7843f2eb29aefeb46501d31f5077de9b,https://youtu.be/9SiuHh0ytLY,ã€ç¥ç¨»æ«»ç«å‰ªè¼¯ç²¾è¯ã€‘åƒæœ¬æšˆ?!ç¥ç¨»æšˆç«??!å¤§å®¶æšˆèµ·ä¾†!!,137,UCtWSz-_uDzCJxJbDqD24fFQ,å‚æ«»æ¡‘,,2022-04-11,https://i.ytimg.com/vi/9SiuHh0ytLY/mqdefault.jpg,FALSE
cbc3895c7f729cb3a0e85d6d7aa8c7b0,https://youtu.be/PEoeKE_60qw,ã€ç¥ç¨»æ«»ç«ç²¾è¯ã€‘ã€Œæ‹ãƒè¡Œæ–¹ã€ - æˆ€æ„›çš„è¡Œè¹¤ QQQ~,369,UCYx0rz2tfgIuYWqNI5_9OAg,é˜¿æœ¬,,2022-05-06,https://i.ytimg.com/vi/PEoeKE_60qw/mqdefault.jpg,FALSE
3305b583fb48bb9871ca4c4c979246bf,https://youtu.be/8jMdu0apvko,ã€ç¥ç¨»æ«»ç«ç²¾è¯ã€‘å°ˆå±¬å¤©ä½¿-cover by ç¥ç¨»æ«»ç« æ··éŸ³èª¿æ•´ç‰ˆ Plus æ¸…å”±,306,UCYx0rz2tfgIuYWqNI5_9OAg,é˜¿æœ¬,,2022-03-12,https://i.ytimg.com/vi/8jMdu0apvko/mqdefault.jpg,FALSE
31768359ec4bb31c301a3a0dccdaae6d,https://youtu.be/UxgFOAGDNMc,ã€ç¥ç¨»æ«»ç«ç²¾è¯ã€‘å°ˆå±¬å¤©ä½¿-cover by ç¥ç¨»æ«»ç«,276,UCYx0rz2tfgIuYWqNI5_9OAg,é˜¿æœ¬,,2022-03-09,https://i.ytimg.com/vi/UxgFOAGDNMc/mqdefault.jpg,FALSE
67ce1d1926177886cfe6c5ca706892e8,https://youtu.be/jgf-AyofSKA,ã€ç¥ç¨»æ«»ç«ç²¾è¯ã€‘åœ¨é€™åº§åŸå¸‚éºå¤±äº†ä½ (çš„è¨˜æ†¶)-cover by ç¥ç¨»æ«»ç«,698,UCYx0rz2tfgIuYWqNI5_9OAg,é˜¿æœ¬,,2022-03-08,https://i.ytimg.com/vi/jgf-AyofSKA/mqdefault.jpg,FALSE
7cb7ccb9f8430a9ef9299977853b8826,https://youtu.be/jqnfomHL1tk,ã€ç¥ç¨»æ«»ç«ç²¾è¯ã€‘æ·ªé™·-cover by ç¥ç¨»çš®çš®ç« ã€ç‰‡å°¾å½©è›‹ã€‘,255,UCYx0rz2tfgIuYWqNI5_9OAg,é˜¿æœ¬,,2022-02-10,https://i.ytimg.com/vi/jqnfomHL1tk/mqdefault.jpg,FALSE
c7f456204e95a8fbdf229eb8f2b03411,https://youtu.be/iu6vDTku094,ã€ç¥ç¨»æ«»ç«ç²¾è¯ã€‘é€”ä¸­-cover by ç¥ç¨»æ«»ç«,246,UCYx0rz2tfgIuYWqNI5_9OAg,é˜¿æœ¬,,2022-02-09,https://i.ytimg.com/vi/iu6vDTku094/mqdefault.jpg,FALSE
f5d27be830e7d99d81488174cd801c62,https://youtu.be/mPAYZLg4q74,ã€ç¥ç¨»æ«»ç«ã€‘ä½ ä¸æ„›æˆ‘.coverã€ä¸­æ–‡å­—å¹•ã€‘,221,UCYlZ9QnGmpHtgvtkg_2N0FQ,Vtuberæ­Œå”±ä¿è­·å”æœƒ,,2022-06-28,https://i.ytimg.com/vi/mPAYZLg4q74/mqdefault.jpg,FALSE
c203c9a1e41c346434a9e294ca003773,https://youtu.be/wd-WNlXx_6U,ã€ç¥ç¨»æ«»ç«ã€‘æ—¥ä¸è½.coverã€ä¸­æ–‡å­—å¹•ã€‘,211,UCYlZ9QnGmpHtgvtkg_2N0FQ,Vtuberæ­Œå”±ä¿è­·å”æœƒ,,2022-06-23,https://i.ytimg.com/vi/wd-WNlXx_6U/mqdefault.jpg,FALSE
b7216c4cb2eec2a5f167f04f7849bff1,https://youtu.be/nUU41q-Ib-g,ã€ç¥ç¨»æ«»ç«ã€‘éŒ¦é¯‰æŠ„ .coverã€ä¸­æ–‡å­—å¹•ã€‘,243,UCYlZ9QnGmpHtgvtkg_2N0FQ,Vtuberæ­Œå”±ä¿è­·å”æœƒ,,2022-06-20,https://i.ytimg.com/vi/nUU41q-Ib-g/mqdefault.jpg,FALSE
547c90a92b634f1624d5018cf5af79ea,https://youtu.be/6LwYP_jeP9s,"ã€ç¥ç¨»æ«»ç«ç²¾è¯ã€‘å”±æ­Œå”±åˆ°ç¿»è»Š,å”±å®Œé‚„æœ‰å‘ŠçŸ¥",135,UCYlZ9QnGmpHtgvtkg_2N0FQ,Vtuberæ­Œå”±ä¿è­·å”æœƒ,,2022-06-19,https://i.ytimg.com/vi/6LwYP_jeP9s/mqdefault.jpg,FALSE
5f8377bdcb87c97bfc011119db7f72fd,https://youtu.be/OaT_3c8_nds,ã€ç¥ç¨»æ«»ç«ã€‘å¿ƒè£¡æœ‰é‡ coverã€ä¸­æ–‡å­—å¹•ã€‘å…§æœ‰ç¿»è»Šäº‹æ•…,297,UCYlZ9QnGmpHtgvtkg_2N0FQ,Vtuberæ­Œå”±ä¿è­·å”æœƒ,,2022-06-17,https://i.ytimg.com/vi/OaT_3c8_nds/mqdefault.jpg,FALSE
296946c5b78b34f18c01cc9007b42440,https://youtu.be/YYbHQ-LYEdE,ã€ç¥ç¨»æ«»ç«ã€‘æ·šäº†   coverã€ä¸­æ–‡å­—å¹•ã€‘,268,UCYlZ9QnGmpHtgvtkg_2N0FQ,Vtuberæ­Œå”±ä¿è­·å”æœƒ,,2022-06-10,https://i.ytimg.com/vi/YYbHQ-LYEdE/mqdefault.jpg?v=62a3ce27,FALSE
d7b37d4b614376387e8e3c7d7fa9cd38,https://youtu.be/EQyZznibUFs,ã€ç¥ç¨»æ«»ç«ã€‘ã€Œã„ã‹ãªã„ã§ã€.coverã€ä¸­æ—¥å­—å¹•ã€‘,238,UCYlZ9QnGmpHtgvtkg_2N0FQ,Vtuberæ­Œå”±ä¿è­·å”æœƒ,,2022-06-10,https://i.ytimg.com/vi/EQyZznibUFs/mqdefault.jpg,FALSE
a4e6e501e35bfc73167512853c83e417,https://youtu.be/G9UhX6_NE4M,ã€ç¥ç¨»æ«»ç«ã€‘ä½ é‚„æ˜¯è¦å¹¸ç¦ . coverã€ä¸­æ–‡å­—å¹•ã€‘,274,UCYlZ9QnGmpHtgvtkg_2N0FQ,Vtuberæ­Œå”±ä¿è­·å”æœƒ,,2022-06-09,https://i.ytimg.com/vi/G9UhX6_NE4M/mqdefault.jpg,FALSE
e53c93c1472f9ee9728b52ba9b501cbd,https://youtu.be/DoiXN_EskTw,ã€ç¥ç¨»æ«»ç«ã€‘æ°¸ä¸å¤±è¯çš„æ„› .coverã€ä¸­æ–‡å­—å¹•ã€‘,260,UCYlZ9QnGmpHtgvtkg_2N0FQ,Vtuberæ­Œå”±ä¿è­·å”æœƒ,,2022-06-09,https://i.ytimg.com/vi/DoiXN_EskTw/mqdefault.jpg,FALSE
e02f38f29c73c6c85f6eccae449ac9d4,https://youtu.be/cYbkUxNhK_8,ã€ç¥ç¨»æ«»ç«ã€‘é£›é³¥å’ŒèŸ¬  cover,290,UCYlZ9QnGmpHtgvtkg_2N0FQ,Vtuberæ­Œå”±ä¿è­·å”æœƒ,,2022-04-20,https://i.ytimg.com/vi/cYbkUxNhK_8/mqdefault.jpg,FALSE
cdb74085b2b6897510a20d7b96d5887d,https://youtu.be/_cBGXD0BMaI,ã€ç¥ç¨»æ«»ç«ã€‘é’èŠ±ç“·  cover,238,UCYlZ9QnGmpHtgvtkg_2N0FQ,Vtuberæ­Œå”±ä¿è­·å”æœƒ,,2022-04-13,https://i.ytimg.com/vi/_cBGXD0BMaI/mqdefault.jpg,FALSE
4b38ad160bacd578dcf5886e843151ee,https://youtu.be/vxE43SQX4E8,ã€ç¥ç¨»æ«»ç«ã€‘ä¸ƒå½©çš„å¾®é¢¨ .cover,272,UCYlZ9QnGmpHtgvtkg_2N0FQ,Vtuberæ­Œå”±ä¿è­·å”æœƒ,,2022-03-21,https://i.ytimg.com/vi/vxE43SQX4E8/mqdefault.jpg,FALSE
eed3809e05fea855029a27b97374b0d0,https://youtu.be/1J1RwDJs-9o,ã€ç¥ç¨»æ«»ç«ã€‘KING. cover,137,UCYlZ9QnGmpHtgvtkg_2N0FQ,Vtuberæ­Œå”±ä¿è­·å”æœƒ,,2022-03-20,https://i.ytimg.com/vi/1J1RwDJs-9o/mqdefault.jpg,FALSE
462e8af00a0ad3f95d944f018a67fa77,https://youtu.be/_8v2pnET6uo,ã€ç¥ç¨»æ«»ç«ã€‘æ‹œè¨ªæ˜¥å¤© . cover,218,UCYlZ9QnGmpHtgvtkg_2N0FQ,Vtuberæ­Œå”±ä¿è­·å”æœƒ,,2022-03-07,https://i.ytimg.com/vi/_8v2pnET6uo/mqdefault.jpg,FALSE
47918c02e6b640ad6deda457584fd2e9,https://youtu.be/Qg5UCA1uuo0,ã€ç¥ç¨»æ«»ç«ã€‘æ•£å ´é›»å½±  cover,228,UCYlZ9QnGmpHtgvtkg_2N0FQ,Vtuberæ­Œå”±ä¿è­·å”æœƒ,,2022-02-28,https://i.ytimg.com/vi/Qg5UCA1uuo0/mqdefault.jpg,FALSE
942cfe3ae8aff1df78efbc1f99023809,https://youtu.be/O0GP-QWlQKQ,ã€ç¥ç¨»æ«»ç«ã€‘å¾®é¢¨ï¼å¾€äº‹ cover,194,UCYlZ9QnGmpHtgvtkg_2N0FQ,Vtuberæ­Œå”±ä¿è­·å”æœƒ,,2022-02-22,https://i.ytimg.com/vi/O0GP-QWlQKQ/mqdefault.jpg,FALSE
b39bf6d64fe23a1b782656155e5e86c8,https://youtu.be/icF7OakWjlg,ã€ç¥ç¨»æ«»ç«ã€‘ç§‹èŸ¬ cover,222,UCYlZ9QnGmpHtgvtkg_2N0FQ,Vtuberæ­Œå”±ä¿è­·å”æœƒ,,2022-02-22,https://i.ytimg.com/vi/icF7OakWjlg/mqdefault.jpg,FALSE
c3545c91e80696ce86bd23a47843c1bd,https://youtu.be/vLHCEjcQ6vQ,ã€ç¥ç¨»æ«»ç«ã€‘é›¨æ«»èŠ± cover,260,UCYlZ9QnGmpHtgvtkg_2N0FQ,Vtuberæ­Œå”±ä¿è­·å”æœƒ,,2022-02-21,https://i.ytimg.com/vi/vLHCEjcQ6vQ/mqdefault.jpg?v=6213b640,FALSE
0f48b647d3a7a2b049f48f4cba7ba0a6,https://youtu.be/G0xoPtt5QHc,ã€ç¥ç¨»æ«»ç«ã€‘ç´…è‰²é«˜è·Ÿé‹.cover,68,UCYlZ9QnGmpHtgvtkg_2N0FQ,Vtuberæ­Œå”±ä¿è­·å”æœƒ,,2022-01-18,https://i.ytimg.com/vi/G0xoPtt5QHc/mqdefault.jpg,FALSE
8e7fb9440dfab6ff88d7d945b63f2162,https://youtu.be/Uay96JbNM7A,ã€ç¥ç¨»æ«»ç«ã€‘æŒªå¨çš„æ£®æ—.cover ft.ç«å“¥,158,UCYlZ9QnGmpHtgvtkg_2N0FQ,Vtuberæ­Œå”±ä¿è­·å”æœƒ,,2022-01-11,https://i.ytimg.com/vi/Uay96JbNM7A/mqdefault.jpg,FALSE
7fcacbf0f4a61e7504ca1ac597d0e038,https://youtu.be/LX8E1NwNm4Q,ã€ç¥ç¨»æ«»ç«ã€‘ç‰½çµ²æˆ².cover,235,UCYlZ9QnGmpHtgvtkg_2N0FQ,Vtuberæ­Œå”±ä¿è­·å”æœƒ,,2022-01-07,https://i.ytimg.com/vi/LX8E1NwNm4Q/mqdefault.jpg,FALSE
71f41fa2f337de3a6de9415adf7eecef,https://youtu.be/Wn_I363AySI,ã€ç¥ç¨»æ«»ç«ã€‘ä¸é†‰ä¸æœƒ.cover,218,UCYlZ9QnGmpHtgvtkg_2N0FQ,Vtuberæ­Œå”±ä¿è­·å”æœƒ,,2021-12-28,https://i.ytimg.com/vi/Wn_I363AySI/mqdefault.jpg,FALSE
2dc98a5533684c69e8328aee8c5a9830,https://youtu.be/w2Nvkg1ojwc,ã€ç¥ç¨»æ«»ç«ã€‘äººé–“ä¸å€¼å¾—.cover,288,UCYlZ9QnGmpHtgvtkg_2N0FQ,Vtuberæ­Œå”±ä¿è­·å”æœƒ,,2021-12-04,https://i.ytimg.com/vi/w2Nvkg1ojwc/mqdefault.jpg?v=61ab7992,FALSE
c2c18190f77e4ea0a0f0c54647b1e8b2,https://youtu.be/WH803QBcXS8,ã€ç¥ç¨»æ«»ç«ã€‘ç‹å‘±è¦ªå­å°,67,UCYlZ9QnGmpHtgvtkg_2N0FQ,Vtuberæ­Œå”±ä¿è­·å”æœƒ,,2021-11-17,https://i.ytimg.com/vi/WH803QBcXS8/mqdefault.jpg,FALSE
8badd699c22902cb1e6ea2cb5f122250,https://youtu.be/dO6jPA92B4A,ã€ç¥ç¨»æ«»ç«åˆé…ä¿¡ç²¾è¯ã€‘æ·šäº†/æ›¾æ²›æ…ˆ,257,UCHubS-CPQE0P79chAqDgH7Q,åœ°ç„,,2021-10-31,https://i.ytimg.com/vi/dO6jPA92B4A/mqdefault.jpg,FALSE
26bb4d18219fd5e8b94da0f95921ec5c,https://youtu.be/h6buKMkOO9k,ã€ç¥ç¨»æ«»ç«åˆé…ä¿¡ç²¾è¯ã€‘ç„¡äººç†Ÿè­˜/å¼µæ¸…èŠ³,262,UCHubS-CPQE0P79chAqDgH7Q,åœ°ç„,,2021-10-31,https://i.ytimg.com/vi/h6buKMkOO9k/mqdefault.jpg,FALSE
1c75b511e9663a0768b4b429bce38d15,https://youtu.be/o3qGU4R88g8,ã€ç¥ç¨»æ«»ç«åˆé…ä¿¡ç²¾è¯ã€‘èŠŠèŠŠ/å›éŸ³å“¥,237,UCHubS-CPQE0P79chAqDgH7Q,åœ°ç„,,2021-10-31,https://i.ytimg.com/vi/o3qGU4R88g8/mqdefault.jpg,FALSE
1951ad5d6a2e3ad5dba79bddbd0e1476,https://youtu.be/L90ucibkHIU,ã€ç¥ç¨»æ«»ç«å‰ªè¼¯ã€‘å·¦æ‰‹æŒ‡æœˆ,228,UC-TIA6DkipeK4y7vYOrM7Vw,ã€å°‹éŒ¢è€…ã€‘æµ®é›²éŠå­,,2021-11-20,https://i.ytimg.com/vi/L90ucibkHIU/mqdefault.jpg,FALSE
cd5eb628567bee574c1f373e45ce2a2a,https://youtu.be/EOnWby5OHVA,ã€ç¥ç¨»æ«»ç«å‰ªè¼¯ã€‘è³´åºŠé‚è¼¯å¤§å¸«,37,UC-TIA6DkipeK4y7vYOrM7Vw,ã€å°‹éŒ¢è€…ã€‘æµ®é›²éŠå­,,2021-11-19,https://i.ytimg.com/vi/EOnWby5OHVA/mqdefault.jpg,FALSE
c0aeb4aa46bb23f440366192ab9001e0,https://youtu.be/EgtG_ruJ01I,ã€ç¥ç¨»æ«»ç«å‰ªè¼¯ã€‘ç•œç”Ÿä¸è¦åµ,6,UC-TIA6DkipeK4y7vYOrM7Vw,ã€å°‹éŒ¢è€…ã€‘æµ®é›²éŠå­,,2021-11-07,https://i.ytimg.com/vi/EgtG_ruJ01I/mqdefault.jpg,FALSE
fa94af5da9a1b723cdb416cb7b352996,https://youtu.be/hMm5rqfK5hQ,ã€ç¥ç¨»æ«»ç«å‰ªè¼¯ã€‘æˆ‘æ„›ä½ ,1,UC-TIA6DkipeK4y7vYOrM7Vw,ã€å°‹éŒ¢è€…ã€‘æµ®é›²éŠå­,,2021-11-03,https://i.ytimg.com/vi/hMm5rqfK5hQ/mqdefault.jpg,FALSE
1d701481edf39d74cc60a7f587ad877c,https://youtu.be/wr_LHFky87M,ã€ç¥ç¨»æ«»ç«å‰ªè¼¯ã€‘åˆ†äº«å¥½åƒçš„å‘±å‘±,9,UC-TIA6DkipeK4y7vYOrM7Vw,ã€å°‹éŒ¢è€…ã€‘æµ®é›²éŠå­,,2021-11-01,https://i.ytimg.com/vi/wr_LHFky87M/mqdefault.jpg,FALSE
03b0e2710abd855aba7c1cb544f4c4e6,https://youtu.be/uA_FGN4QRPw,ã€ç¥ç¨»æ«»ç«å‰ªè¼¯ã€‘æ­»äº¡å‡è¦–,19,UC-TIA6DkipeK4y7vYOrM7Vw,ã€å°‹éŒ¢è€…ã€‘æµ®é›²éŠå­,,2021-11-01,https://i.ytimg.com/vi/uA_FGN4QRPw/mqdefault.jpg,FALSE
7488e0c857467488fc1c5533d37b4a87,https://youtu.be/-HzbT6Y7Iz4,ã€ç¥ç¨»æ«»ç«å‰ªè¼¯ã€‘ä¸å°å¿ƒå°¿å°¿äº†,19,UC-TIA6DkipeK4y7vYOrM7Vw,ã€å°‹éŒ¢è€…ã€‘æµ®é›²éŠå­,,2021-10-29,https://i.ytimg.com/vi/-HzbT6Y7Iz4/mqdefault.jpg,FALSE
aeac52c2a8d9ddab24b60094d9ea29d0,https://youtu.be/4ghJPEX13fw,ã€ç¥ç¨»æ«»ç«å‰ªè¼¯ã€‘å¥½åƒé­”æ³•,8,UC-TIA6DkipeK4y7vYOrM7Vw,ã€å°‹éŒ¢è€…ã€‘æµ®é›²éŠå­,,2021-10-24,https://i.ytimg.com/vi/4ghJPEX13fw/mqdefault.jpg,FALSE
ecab31fc0f1667fe4ef7a0bf02b0c265,https://youtu.be/WPiMadq6J4w,ã€ç¥ç¨»æ«»ç«å‰ªè¼¯ã€‘ä¸å¯ä»¥è‰²è‰²,122,UC-TIA6DkipeK4y7vYOrM7Vw,ã€å°‹éŒ¢è€…ã€‘æµ®é›²éŠå­,,2021-10-24,https://i.ytimg.com/vi/WPiMadq6J4w/mqdefault.jpg,FALSE
4468446ced959c05c20dd25b7e86d0df,https://youtu.be/0ImTwliRKo4,[Vtuber] PUIç‹ feat.#ç¥ç¨»æ«»ç«,11,UCSKiY70evw6HCljPVvG_gYA,ç‘‹,,2022-03-19,https://i.ytimg.com/vi/0ImTwliRKo4/mqdefault.jpg,FALSE
30e09c949b8d6f01cf14f9f45e8aad34,https://youtu.be/GfjivUicds4,[Vtuber] æ‚ ç™½çš„åˆå» feat.ç¥ç¨»æ«»ç«,22,UCSKiY70evw6HCljPVvG_gYA,ç‘‹,,2022-02-11,https://i.ytimg.com/vi/GfjivUicds4/mqdefault.jpg,FALSE
594da44ace871c363b54453e6e0572ad,https://youtu.be/fpK-JGIlhbw,ã€ç¥ç¨»æ«»ç«ã€‘å†¬çœ  Cover Byç¥ç¨»æ«»ç«,270,UCTecf1yGSYkr6fk7h653l1g,ç´…è¶,,2022-03-16,https://i.ytimg.com/vi/fpK-JGIlhbw/mqdefault.jpg,FALSE
9d41087f5cc757b27c020521538b88ee,https://youtu.be/62982YyAUqU,ã€12/20ç¥ç¨»æ«»ç«æ­Œå›ã€‘é­”é¬¼ä¸­çš„å¤©ä½¿ã€ç¥ç¨»æ«»ç«ã€‘,232,UCSRiP-8xluPE7qTMYkJEypg,åˆå¤œ,,2021-12-24,https://i.ytimg.com/vi/62982YyAUqU/mqdefault.jpg,FALSE
2b371a69bc5d61893abadf2ad4d00023,https://youtu.be/c4CwTEdHQJI,ã€ç¥ç¨»æ«»ç«ç²¾è¯ã€‘å¿ƒéˆå‘±æ¹¯ï¼Œé—œæ–¼ä¸–äº‹ç„¡å¸¸ã€ç¥ç¨»æ«»ç«ã€‘,1123,UCSRiP-8xluPE7qTMYkJEypg,åˆå¤œ,,2021-11-23,https://i.ytimg.com/vi/c4CwTEdHQJI/mqdefault.jpg,FALSE
d9810aad41b6d0b4792b526d237036bc,https://youtu.be/1z-iXcqTEkc,ã€ç¥ç¨»æ«»ç«ç²¾è¯ã€‘ç«ç«å¼ä½ é–‰é–‰ã€ç¥ç¨»æ«»ç«ã€‘,8,UCSRiP-8xluPE7qTMYkJEypg,åˆå¤œ,,2021-10-28,https://i.ytimg.com/vi/1z-iXcqTEkc/mqdefault.jpg,FALSE
d64a94f670201acfd3e757099c738747,https://youtu.be/ZvL1eHceIU4,ã€ç¥ç¨»æ«»ç«ç²¾è¯ã€‘ä¾†è‡ªç«ç«çš„å°–å«åŠ ç‹è¨€äº‚èªåˆé›†ã€ç¥ç¨»æ«»ç«ã€‘,835,UCSRiP-8xluPE7qTMYkJEypg,åˆå¤œ,,2021-10-28,https://i.ytimg.com/vi/ZvL1eHceIU4/mqdefault.jpg,FALSE
25bb2573fea6091ead5815911aa7f97f,https://youtu.be/h76mKXfgZ_Y,ã€ç¥ç¨»æ«»ç«ç¯€éŒ„ã€‘å……æ»¿å«‰å¦’çš„ä¸€äººæ‰è¿·è—ã€ç¥ç¨»æ«»ç«ã€‘,202,UCSRiP-8xluPE7qTMYkJEypg,åˆå¤œ,,2021-10-25,https://i.ytimg.com/vi/h76mKXfgZ_Y/mqdefault.jpg,FALSE
9e77fed5d415409b3a9aff7bf717423b,https://youtu.be/Eo1nIYFgULQ,ã€ç¥ç¨»æ«»ç«ç²¾è¯ã€‘ä¸å¯ä»¥ç‘Ÿç‘Ÿã€ç¥ç¨»æ«»ç«ã€‘,126,UCSRiP-8xluPE7qTMYkJEypg,åˆå¤œ,,2021-10-24,https://i.ytimg.com/vi/Eo1nIYFgULQ/mqdefault.jpg,FALSE
52efa06fcca055e06114e2b7fb90b13f,https://youtu.be/rrD_kSwBaSE,ã€ç¥ç¨»æ«»ç«ã€‘å°æ«»ç«ä¾†èªªä¸€é¦–å¾ˆé‡è¦çš„æ­Œ?åˆé…ä¿¡ç›´æ¥é‡£é­š~,150,UCi3bTB6SR3maNlycS4_52MQ,å°é˜¿æ¢…ã®DDé¤è»Š,"#ç¥ç¨»æ«»ç«, #ç¥ç¨»æ«»ç«åˆé…ä¿¡, #é›²éš›ç·š, #å°ç£Vtuber, #Vtuber, #æ–°äººVtuber",2021-10-24,https://i.ytimg.com/vi/rrD_kSwBaSE/mqdefault.jpg,FALSE
a975dca0dd0b71ae69b1ef65269d4d3f,https://youtu.be/_fNNS20OcWg,ã€ç‘ªæ ¼éº—ç‰¹ï¼æº«ç‰¹æ–¯ã€‘åœ¨ç”Ÿæ—¥æœƒä¸Šçªç™¼å‡ºç¾çš„ç¥ç¨»æ«»ç«~åªæ˜¯....å¥½åƒæ„Ÿè¦ºå“ªè£¡æ€ªæ€ªçš„?,399,UCi3bTB6SR3maNlycS4_52MQ,å°é˜¿æ¢…ã®DDé¤è»Š,"#ç‘ªæ ¼éº—ç‰¹æº«ç‰¹æ–¯, #æ–°äººvtuber, #é›²éš›ç·šCloudHorizon, #ç‘ªæ ¼éº—ç‰¹ç”Ÿæ—¥æœƒ, #ç‘ªæ ¼éº—ç‰¹çš„èŒ¶æœƒ",2021-09-24,https://i.ytimg.com/vi/_fNNS20OcWg/mqdefault.jpg,FALSE
960e4f8a3a9c45a0f75167f2d48f49e3,https://youtu.be/a1nxrN1QRJg,å€’æ•¸ä¸€é€±ğŸŒ¸å€’æ•¸çš„æ—©å®‰å‘±å‘±ä¸€æ¨£å”±æ­Œçµ¦å‘±å‘±å€‘è½ğŸŒ¸#ç¥ç¨»æ«»ç«,8477,UC_soGpcb7SORsk5yzHLMdTQ,ç¥ç¨»æ«»ç«KAMIINA HARUHI ã€CloudHorizonæ‰€å±¬ã€‘,"ç¥ç¨»æ«»ç«, æ‚ ç™½, é›²éš›ç·š, Vtuber, å°V, ææéˆ´è˜­, ç‘ªæ ¼éº—ç‰¹, æµ®é›², æ¡Œè§’, è¥¿è²é­¯, ä¹æ«», ç§‹æ",2022-06-28,https://i.ytimg.com/vi/a1nxrN1QRJg/mqdefault.jpg?v=62bb8731,TRUE
8d14e8e40cae6498ae977992eeaddb76,https://youtu.be/Db18cGrum20,æ˜ŸæœŸå…­çš„æ—©å®‰çªè¥²ğŸŒ¸#ç¥ç¨»æ«»ç«,2718,UC_soGpcb7SORsk5yzHLMdTQ,ç¥ç¨»æ«»ç«KAMIINA HARUHI ã€CloudHorizonæ‰€å±¬ã€‘,"ç¥ç¨»æ«»ç«, æ‚ ç™½, é›²éš›ç·š, Vtuber, å°V, ææéˆ´è˜­, ç‘ªæ ¼éº—ç‰¹, æµ®é›², æ¡Œè§’, è¥¿è²é­¯, ä¹æ«», ç§‹æ",2022-06-24,https://i.ytimg.com/vi/Db18cGrum20/mqdefault.jpg?v=62b66bb3,TRUE
9a151d7a9d490c97e2fc63f5f31d251c,https://youtu.be/OeWcVQ8tKAk,çªè¥²çªè¥²!!!ğŸŒ¸å¤œæ™šç·´æ­Œæ™‚é–“ğŸŒ¸ğŸŒ¸ğŸŒ¸#ç¥ç¨»æ«»ç«,12414,UC_soGpcb7SORsk5yzHLMdTQ,ç¥ç¨»æ«»ç«KAMIINA HARUHI ã€CloudHorizonæ‰€å±¬ã€‘,"ç¥ç¨»æ«»ç«, æ‚ ç™½, é›²éš›ç·š, Vtuber, å°V, ææéˆ´è˜­, ç‘ªæ ¼éº—ç‰¹, æµ®é›², æ¡Œè§’, è¥¿è²é­¯, ä¹æ«», ç§‹æ",2022-06-23,https://i.ytimg.com/vi/OeWcVQ8tKAk/mqdefault.jpg?v=62b47582,TRUE
118a7867bad68a648995c678b77ab3c2,https://youtu.be/yNlpLjsq5H8,æ—©å®‰å‘±å‘±ğŸŒ¸èŠå¤©å”±æ­Œå›‰ğŸŒ¸#ç¥ç¨»æ«»ç«,6822,UC_soGpcb7SORsk5yzHLMdTQ,ç¥ç¨»æ«»ç«KAMIINA HARUHI ã€CloudHorizonæ‰€å±¬ã€‘,"ç¥ç¨»æ«»ç«, æ‚ ç™½, é›²éš›ç·š, Vtuber, å°V, ææéˆ´è˜­, ç‘ªæ ¼éº—ç‰¹, æµ®é›², æ¡Œè§’, è¥¿è²é­¯, ä¹æ«», ç§‹æ",2022-06-21,https://i.ytimg.com/vi/yNlpLjsq5H8/mqdefault.jpg?v=62b25cc5,TRUE
6237d000d4fe4f204bf1e466e1143991,https://youtu.be/D41awP78nGo,æ·±å¤œç·´æ­Œä¹‹åˆè¦ºç¡å¤ªé£½ğŸŒ¸ğŸŒ¸ğŸŒ¸#ç¥ç¨»æ«»ç«,6087,UC_soGpcb7SORsk5yzHLMdTQ,ç¥ç¨»æ«»ç«KAMIINA HARUHI ã€CloudHorizonæ‰€å±¬ã€‘,"ç¥ç¨»æ«»ç«, æ‚ ç™½, é›²éš›ç·š, Vtuber, å°V, ææéˆ´è˜­, ç‘ªæ ¼éº—ç‰¹, æµ®é›², æ¡Œè§’, è¥¿è²é­¯, ä¹æ«», ç§‹æ",2022-06-19,https://i.ytimg.com/vi/D41awP78nGo/mqdefault.jpg?v=62af4a85,TRUE
25a87c46bb55a969959d33dbfd792a46,https://youtu.be/qzS91XAwIXI,æ—©å®‰å‘±å‘±!!ğŸŒ¸èŠå¤©å”±æ­Œ!!!ğŸŒ¸#ç¥ç¨»æ«»ç«,6647,UC_soGpcb7SORsk5yzHLMdTQ,ç¥ç¨»æ«»ç«KAMIINA HARUHI ã€CloudHorizonæ‰€å±¬ã€‘,"ç¥ç¨»æ«»ç«, æ‚ ç™½, é›²éš›ç·š, Vtuber, å°V, ææéˆ´è˜­, ç‘ªæ ¼éº—ç‰¹, æµ®é›², æ¡Œè§’, è¥¿è²é­¯, ä¹æ«», ç§‹æ",2022-06-17,https://i.ytimg.com/vi/qzS91XAwIXI/mqdefault.jpg?v=62ad2f8c,TRUE
d8be9d223dd2e37738d4afb405393731,https://youtu.be/LCJ0557812I,[ç”Ÿæ—¥ä¼åŠƒ0617]ç”Ÿæ—¥ç‹ç‹¸!!ğŸŒ¸é–‹ç®±å‘±å‘±å€‘çš„ç¦®ç‰©å¡ç‰‡!!ğŸŒ¸ğŸŒ¸ğŸŒ¸#ç¥ç¨»æ«»ç«,9841,UC_soGpcb7SORsk5yzHLMdTQ,ç¥ç¨»æ«»ç«KAMIINA HARUHI ã€CloudHorizonæ‰€å±¬ã€‘,"ç¥ç¨»æ«»ç«, æ‚ ç™½, é›²éš›ç·š, Vtuber, å°V, ææéˆ´è˜­, ç‘ªæ ¼éº—ç‰¹, æµ®é›², æ¡Œè§’, è¥¿è²é­¯, ä¹æ«», ç§‹æ",2022-06-17,https://i.ytimg.com/vi/LCJ0557812I/mqdefault.jpg?v=62ab318e,TRUE
83f3fa9a5b94fe5b689517be6c54eb3a,https://youtu.be/O2GlC4t40fQ,æ—©å®‰å‘±å‘±ğŸŒ¸ğŸŒ¸ğŸŒ¸#ç¥ç¨»æ«»ç«,9604,UC_soGpcb7SORsk5yzHLMdTQ,ç¥ç¨»æ«»ç«KAMIINA HARUHI ã€CloudHorizonæ‰€å±¬ã€‘,"ç¥ç¨»æ«»ç«, æ‚ ç™½, é›²éš›ç·š, Vtuber, å°V, ææéˆ´è˜­, ç‘ªæ ¼éº—ç‰¹, æµ®é›², æ¡Œè§’, è¥¿è²é­¯, ä¹æ«», ç§‹æ",2022-06-15,https://i.ytimg.com/vi/O2GlC4t40fQ/mqdefault.jpg?v=62aa8432,TRUE
57e86e53d43a51bc5e958c645f36b640,https://youtu.be/9QdyctDXhyw,éš¨å”±éš¨é¸ç·´æ­Œå›ğŸŒ¸ğŸŒ¸ğŸŒ¸#ç¥ç¨»æ«»ç«,6744,UC_soGpcb7SORsk5yzHLMdTQ,ç¥ç¨»æ«»ç«KAMIINA HARUHI ã€CloudHorizonæ‰€å±¬ã€‘,"ç¥ç¨»æ«»ç«, æ‚ ç™½, é›²éš›ç·š, Vtuber, å°V, ææéˆ´è˜­, ç‘ªæ ¼éº—ç‰¹, æµ®é›², æ¡Œè§’, è¥¿è²é­¯, ä¹æ«», ç§‹æ",2022-06-15,https://i.ytimg.com/vi/9QdyctDXhyw/mqdefault.jpg?v=62a9d822,TRUE
fa89dec3aa6d8b10260da7c9191b6e5f,https://youtu.be/jz1CmlDw3YQ,åˆé…ä¿¡å›é¡§!!ğŸŒ¸ç‹çš„å¤©å•Šå¥½ç¾æ¥ğŸŒ¸#ç¥ç¨»æ«»ç«,8098,UC_soGpcb7SORsk5yzHLMdTQ,ç¥ç¨»æ«»ç«KAMIINA HARUHI ã€CloudHorizonæ‰€å±¬ã€‘,"ç¥ç¨»æ«»ç«, æ‚ ç™½, é›²éš›ç·š, Vtuber, å°V, ææéˆ´è˜­, ç‘ªæ ¼éº—ç‰¹, æµ®é›², æ¡Œè§’, è¥¿è²é­¯, ä¹æ«», ç§‹æ",2022-06-11,https://i.ytimg.com/vi/jz1CmlDw3YQ/mqdefault.jpg?v=62a3684c,TRUE
ff95857252c99a9e94627904328dfb21,https://youtu.be/RGpihoVJms4,ã€é‡å¤§å‘ŠçŸ¥ã€‘å‘±å‘±å€‘ä¾†ğŸŒ¸#ç¥ç¨»æ«»ç«,4088,UC_soGpcb7SORsk5yzHLMdTQ,ç¥ç¨»æ«»ç«KAMIINA HARUHI ã€CloudHorizonæ‰€å±¬ã€‘,"ç¥ç¨»æ«»ç«, æ‚ ç™½, é›²éš›ç·š, Vtuber, å°V, ææéˆ´è˜­, ç‘ªæ ¼éº—ç‰¹, æµ®é›², æ¡Œè§’, è¥¿è²é­¯, ä¹æ«», ç§‹æ",2022-06-09,https://i.ytimg.com/vi/RGpihoVJms4/mqdefault.jpg?v=62a1fa4b,TRUE
4379a63b5c6b087c3e6c38ac33d04359,https://youtu.be/7Dz2h7jUeLo,ç¢ºè¨ºç‹ç‹¸å›æ­¸çš„æ—©å®‰å‘±å‘±!!!!ğŸŒ¸#ç¥ç¨»æ«»ç«,5264,UC_soGpcb7SORsk5yzHLMdTQ,ç¥ç¨»æ«»ç«KAMIINA HARUHI ã€CloudHorizonæ‰€å±¬ã€‘,"ç¥ç¨»æ«»ç«, æ‚ ç™½, é›²éš›ç·š, Vtuber, å°V, ææéˆ´è˜­, ç‘ªæ ¼éº—ç‰¹, æµ®é›², æ¡Œè§’, è¥¿è²é­¯, ä¹æ«», ç§‹æ",2022-05-31,https://i.ytimg.com/vi/7Dz2h7jUeLo/mqdefault.jpg?v=62964f01,TRUE
c144f4fe3b1ba3a257eaf49683a31675,https://youtu.be/SgolS43txxQ,æ—©å®‰å‘±å‘±!!ğŸŒ¸å”±æ­ŒèŠå¤©é€›æ—¥æ‹!!ğŸŒ¸#ç¥ç¨»æ«»ç«,4527,UC_soGpcb7SORsk5yzHLMdTQ,ç¥ç¨»æ«»ç«KAMIINA HARUHI ã€CloudHorizonæ‰€å±¬ã€‘,"ç¥ç¨»æ«»ç«, æ‚ ç™½, é›²éš›ç·š, Vtuber, å°V, ææéˆ´è˜­, ç‘ªæ ¼éº—ç‰¹, æµ®é›², æ¡Œè§’, è¥¿è²é­¯, ä¹æ«», ç§‹æ",2022-05-10,https://i.ytimg.com/vi/SgolS43txxQ/mqdefault.jpg?v=627afb60,TRUE
4a290199a41079c0a102c48a8fe9472a,https://youtu.be/k7XmaatD2bI,çªç™¼!!æ˜ŸæœŸä¸€æ—©å®‰ä½œæ¥­å°!!!å”±æ­Œåšä½œæ¥­!!ğŸŒ¸#ç¥ç¨»æ«»ç«,4973,UC_soGpcb7SORsk5yzHLMdTQ,ç¥ç¨»æ«»ç«KAMIINA HARUHI ã€CloudHorizonæ‰€å±¬ã€‘,"ç¥ç¨»æ«»ç«, æ‚ ç™½, é›²éš›ç·š, Vtuber, å°V, ææéˆ´è˜­, ç‘ªæ ¼éº—ç‰¹, æµ®é›², æ¡Œè§’, è¥¿è²é­¯, ä¹æ«», ç§‹æ",2022-05-08,https://i.ytimg.com/vi/k7XmaatD2bI/mqdefault.jpg?v=6278836b,TRUE
cd1e40fdf23c1e23b5e27879c43d97ad,https://youtu.be/8lLif2cX67o,æ—©å®‰å‘±å‘±!!èŠå¤©å”±æ­Œ!!ğŸŒ¸#ç¥ç¨»æ«»ç«,4661,UC_soGpcb7SORsk5yzHLMdTQ,ç¥ç¨»æ«»ç«KAMIINA HARUHI ã€CloudHorizonæ‰€å±¬ã€‘,"ç¥ç¨»æ«»ç«, æ‚ ç™½, é›²éš›ç·š, Vtuber, å°V, ææéˆ´è˜­, ç‘ªæ ¼éº—ç‰¹, æµ®é›², æ¡Œè§’, è¥¿è²é­¯, ä¹æ«», ç§‹æ",2022-05-05,https://i.ytimg.com/vi/8lLif2cX67o/mqdefault.jpg?v=6274771e,TRUE
6be58d2a1fb47ee7cf9b2cc9bf3b4725,https://youtu.be/afzSQl40kJo,æ™šå®‰å‘±å‘±ã€‚æ¸…å”±æ­Œå›ã€‚ğŸŒ¸#ç¥ç¨»æ«»ç«,3748,UC_soGpcb7SORsk5yzHLMdTQ,ç¥ç¨»æ«»ç«KAMIINA HARUHI ã€CloudHorizonæ‰€å±¬ã€‘,"ç¥ç¨»æ«»ç«, æ‚ ç™½, é›²éš›ç·š, Vtuber, å°V, ææéˆ´è˜­, ç‘ªæ ¼éº—ç‰¹, æµ®é›², æ¡Œè§’, è¥¿è²é­¯, ä¹æ«», ç§‹æ",2022-04-29,https://i.ytimg.com/vi/afzSQl40kJo/mqdefault.jpg?v=626ba9dd,TRUE
28f7e16b319e3204e3fa78ea5058bd4c,https://youtu.be/9bPMlzrZilI,æ—©å®‰å®‰å‘±å‘±å‘±ğŸŒ¸ğŸŒ¸ğŸŒ¸#ç¥ç¨»æ«»ç«,6817,UC_soGpcb7SORsk5yzHLMdTQ,ç¥ç¨»æ«»ç«KAMIINA HARUHI ã€CloudHorizonæ‰€å±¬ã€‘,"ç¥ç¨»æ«»ç«, æ‚ ç™½, é›²éš›ç·š, Vtuber, å°V, ææéˆ´è˜­, ç‘ªæ ¼éº—ç‰¹, æµ®é›², æ¡Œè§’, è¥¿è²é­¯, ä¹æ«», ç§‹æ",2022-04-27,https://i.ytimg.com/vi/9bPMlzrZilI/mqdefault.jpg?v=6269c242,TRUE
41a2bb8465d66beea2b649274a0a5d15,https://youtu.be/Lm9Liwy2LRM,æ—©å®‰å‘±å‘±!!ğŸŒ¸å”±å”±æ­ŒğŸŒ¸#ç¥ç¨»æ«»ç«,6623,UC_soGpcb7SORsk5yzHLMdTQ,ç¥ç¨»æ«»ç«KAMIINA HARUHI ã€CloudHorizonæ‰€å±¬ã€‘,"ç¥ç¨»æ«»ç«, æ‚ ç™½, é›²éš›ç·š, Vtuber, å°V, ææéˆ´è˜­, ç‘ªæ ¼éº—ç‰¹, æµ®é›², æ¡Œè§’, è¥¿è²é­¯, ä¹æ«», ç§‹æ",2022-04-20,https://i.ytimg.com/vi/Lm9Liwy2LRM/mqdefault.jpg?v=626028db,TRUE
e5087aed883b0cd14ea49ba668409372,https://youtu.be/GXJdGo83q_U,ã‚°ãƒ¬ã‚´ãƒªã‚ª ï½œå¤å·æœ¬èˆ— cover by ç¥ç¨»æ«»ç« Kamiina Haruhi,320,UC_soGpcb7SORsk5yzHLMdTQ,ç¥ç¨»æ«»ç«KAMIINA HARUHI ã€CloudHorizonæ‰€å±¬ã€‘,"ç¥ç¨»æ«»ç«, æ‚ ç™½, é›²éš›ç·š, Vtuber, å°V, ææéˆ´è˜­, ç‘ªæ ¼éº—ç‰¹, æµ®é›², æ¡Œè§’, è¥¿è²é­¯, ä¹æ«», ç§‹æ",2022-04-18,https://i.ytimg.com/vi/GXJdGo83q_U/mqdefault.jpg?v=625d3632,TRUE
7ddff005e206570e0e07f07e9e2f5f5c,https://youtu.be/Jqoj7SO-9Xo,[é™ªç‹ç©ææ€–éŠæˆ²ğŸŒ¸]çµ•å‘½ç²¾ç¥ç—…é™¢!!!ğŸŒ¸#ç¥ç¨»æ«»ç«,5085,UC_soGpcb7SORsk5yzHLMdTQ,ç¥ç¨»æ«»ç«KAMIINA HARUHI ã€CloudHorizonæ‰€å±¬ã€‘,"ç¥ç¨»æ«»ç«, æ‚ ç™½, é›²éš›ç·š, Vtuber, å°V, ææéˆ´è˜­, ç‘ªæ ¼éº—ç‰¹, æµ®é›², æ¡Œè§’, è¥¿è²é­¯, ä¹æ«», ç§‹æ",2022-04-17,https://i.ytimg.com/vi/Jqoj7SO-9Xo/mqdefault.jpg?v=625c0628,TRUE
2fc799e720c318a92229485c32cb322c,https://youtu.be/nEAfMi02JBU,æ™šå®‰å‘±å‘±2ğŸŒ¸å“„ç¡ç™‚ç™’å‘æ­Œå›!!#ç¥ç¨»æ«»ç«,5435,UC_soGpcb7SORsk5yzHLMdTQ,ç¥ç¨»æ«»ç«KAMIINA HARUHI ã€CloudHorizonæ‰€å±¬ã€‘,"ç¥ç¨»æ«»ç«, æ‚ ç™½, é›²éš›ç·š, Vtuber, å°V, ææéˆ´è˜­, ç‘ªæ ¼éº—ç‰¹, æµ®é›², æ¡Œè§’, è¥¿è²é­¯, ä¹æ«», ç§‹æ",2022-04-10,https://i.ytimg.com/vi/nEAfMi02JBU/mqdefault.jpg?v=624f25f7,TRUE
dffc5993c4c14cc15110c7187874c647,https://youtu.be/F_W8YV2BcnY,æ—©å®‰å‘±å‘±!!ç·´ä¸€äº›æ­ŒğŸŒ¸ğŸŒ¸ğŸŒ¸#ç¥ç¨»æ«»ç«,5589,UC_soGpcb7SORsk5yzHLMdTQ,ç¥ç¨»æ«»ç«KAMIINA HARUHI ã€CloudHorizonæ‰€å±¬ã€‘,"ç¥ç¨»æ«»ç«, æ‚ ç™½, é›²éš›ç·š, Vtuber, å°V, ææéˆ´è˜­, ç‘ªæ ¼éº—ç‰¹, æµ®é›², æ¡Œè§’, è¥¿è²é­¯, ä¹æ«», ç§‹æ",2022-04-07,https://i.ytimg.com/vi/F_W8YV2BcnY/mqdefault.jpg?v=624f1d44,TRUE
46401c99756624d4d5a070e856de6607,https://youtu.be/o7CR0rLh1xk,æ—©å®‰å‘±å‘±ğŸ¸ğŸŒ¸èµ·åºŠå›‰!!#ç¥ç¨»æ«»ç«,5841,UC_soGpcb7SORsk5yzHLMdTQ,ç¥ç¨»æ«»ç«KAMIINA HARUHI ã€CloudHorizonæ‰€å±¬ã€‘,"ç¥ç¨»æ«»ç«, æ‚ ç™½, é›²éš›ç·š, Vtuber, å°V, ææéˆ´è˜­, ç‘ªæ ¼éº—ç‰¹, æµ®é›², æ¡Œè§’, è¥¿è²é­¯, ä¹æ«», ç§‹æ",2022-03-29,https://i.ytimg.com/vi/o7CR0rLh1xk/mqdefault.jpg?v=62431867,TRUE
b63b97755f4f7ed249da4f670e16f632,https://youtu.be/A_7bX2EHkZs,æ·±å¤œæ­Œå›YOOOO!!!!ğŸŒ¸#ç¥ç¨»æ«»ç«,7100,UC_soGpcb7SORsk5yzHLMdTQ,ç¥ç¨»æ«»ç«KAMIINA HARUHI ã€CloudHorizonæ‰€å±¬ã€‘,"ç¥ç¨»æ«»ç«, æ‚ ç™½, é›²éš›ç·š, Vtuber, å°V, ææéˆ´è˜­, ç‘ªæ ¼éº—ç‰¹, æµ®é›², æ¡Œè§’, è¥¿è²é­¯, ä¹æ«», ç§‹æ",2022-03-28,https://i.ytimg.com/vi/A_7bX2EHkZs/mqdefault.jpg?v=6241b8ea,TRUE
21fa28c777070936285ccbbe181b493e,https://youtu.be/fDQ6E4rjmMs,åˆå®‰å‘±å‘±å‘±ğŸŒ¸ğŸ¸#ç¥ç¨»æ«»ç«,4040,UC_soGpcb7SORsk5yzHLMdTQ,ç¥ç¨»æ«»ç«KAMIINA HARUHI ã€CloudHorizonæ‰€å±¬ã€‘,"ç¥ç¨»æ«»ç«, æ‚ ç™½, é›²éš›ç·š, Vtuber, å°V, ææéˆ´è˜­, ç‘ªæ ¼éº—ç‰¹, æµ®é›², æ¡Œè§’, è¥¿è²é­¯, ä¹æ«», ç§‹æ",2022-03-24,https://i.ytimg.com/vi/fDQ6E4rjmMs/mqdefault.jpg?v=623c8db9,TRUE
3313841fb8389c95b96a8e8e86e19389,https://youtu.be/Y_hlyCroWLg,ã€#ç™½ç«ã€‘è·Ÿæ‚ ç™½ç™½ä¸€èµ·ç•«ç•«å•Šå•Šå•Šå•ŠğŸŒ¸æ»‘é¼ äº¤æ›ç¹ªæ¥é¾ï¼ft. @æ‚ ç™½Ubye  #ç¥ç¨»æ«»ç«,6047,UC_soGpcb7SORsk5yzHLMdTQ,ç¥ç¨»æ«»ç«KAMIINA HARUHI ã€CloudHorizonæ‰€å±¬ã€‘,"ç¥ç¨»æ«»ç«, æ‚ ç™½, é›²éš›ç·š, Vtuber, å°V, ææéˆ´è˜­, ç‘ªæ ¼éº—ç‰¹, æµ®é›², æ¡Œè§’, è¥¿è²é­¯, ä¹æ«», ç§‹æ",2022-03-20,https://i.ytimg.com/vi/Y_hlyCroWLg/mqdefault.jpg?v=62370060,TRUE
22404e05db72155668fe575356bbab88,https://youtu.be/XjmrljTxCZ8,å‘±å‘±å€‘æ—©å®‰å‘±å‘±ğŸŒ¸#ç¥ç¨»æ«»ç«,8598,UC_soGpcb7SORsk5yzHLMdTQ,ç¥ç¨»æ«»ç«KAMIINA HARUHI ã€CloudHorizonæ‰€å±¬ã€‘,"ç¥ç¨»æ«»ç«, æ‚ ç™½, é›²éš›ç·š, Vtuber, å°V, ææéˆ´è˜­, ç‘ªæ ¼éº—ç‰¹, æµ®é›², æ¡Œè§’, è¥¿è²é­¯, ä¹æ«», ç§‹æ",2022-03-16,https://i.ytimg.com/vi/XjmrljTxCZ8/mqdefault.jpg?v=6231f192,TRUE
d7607eb38b999f63b9a97e107ba1d414,https://youtu.be/cWCZ5QsDzfI,æ™šå®‰å‘±å‘±ã€‚å“„ç¡ç™‚ç™’å‘æ­Œå›!!ğŸŒ¸#ç¥ç¨»æ«»ç«,4329,UC_soGpcb7SORsk5yzHLMdTQ,ç¥ç¨»æ«»ç«KAMIINA HARUHI ã€CloudHorizonæ‰€å±¬ã€‘,"ç¥ç¨»æ«»ç«, æ‚ ç™½, é›²éš›ç·š, Vtuber, å°V, ææéˆ´è˜­, ç‘ªæ ¼éº—ç‰¹, æµ®é›², æ¡Œè§’, è¥¿è²é­¯, ä¹æ«», ç§‹æ",2022-03-14,https://i.ytimg.com/vi/cWCZ5QsDzfI/mqdefault.jpg?v=622f145b,TRUE
53266c2daac893f093c5aa9ee831e8d2,https://youtu.be/ghaw2oENAQ0,çªè¥²æ­Œå›!!å¿«åŠå¹´éƒ½æéŒ¯è¨­å®šçš„ç‹?!ğŸŒ¸#ç¥ç¨»æ«»ç«,5649,UC_soGpcb7SORsk5yzHLMdTQ,ç¥ç¨»æ«»ç«KAMIINA HARUHI ã€CloudHorizonæ‰€å±¬ã€‘,"ç¥ç¨»æ«»ç«, æ‚ ç™½, é›²éš›ç·š, Vtuber, å°V, ææéˆ´è˜­, ç‘ªæ ¼éº—ç‰¹, æµ®é›², æ¡Œè§’, è¥¿è²é­¯, ä¹æ«», ç§‹æ",2022-03-12,https://i.ytimg.com/vi/ghaw2oENAQ0/mqdefault.jpg?v=622c6e69,TRUE
0a222d09c703408a28957b7087ee29fc,https://youtu.be/PCqYRMT3rD8,æ—©å®‰å‘±å‘±ğŸŒ¸ğŸŒ¸ğŸŒ¸ğŸ¸ï½œ2022.03.10 #ç¥ç¨»æ«»ç«,7434,UC_soGpcb7SORsk5yzHLMdTQ,ç¥ç¨»æ«»ç«KAMIINA HARUHI ã€CloudHorizonæ‰€å±¬ã€‘,"ç¥ç¨»æ«»ç«, æ‚ ç™½, é›²éš›ç·š, Vtuber, å°V, ææéˆ´è˜­, ç‘ªæ ¼éº—ç‰¹, æµ®é›², æ¡Œè§’, è¥¿è²é­¯, ä¹æ«», ç§‹æ",2022-03-09,https://i.ytimg.com/vi/PCqYRMT3rD8/mqdefault.jpg?v=62294cf9,TRUE
573819abecc4fec6b9012a13ec0cc4da,https://youtu.be/u2eP1D-XuNk,å”±æ­Œå›‰å‘±å‘±å€‘!!å¥½ä¹…ä¸è¦‹ğŸŒ¸ğŸŒ¸ğŸŒ¸#ç¥ç¨»æ«»ç«,3952,UC_soGpcb7SORsk5yzHLMdTQ,ç¥ç¨»æ«»ç«KAMIINA HARUHI ã€CloudHorizonæ‰€å±¬ã€‘,"ç¥ç¨»æ«»ç«, æ‚ ç™½, é›²éš›ç·š, Vtuber, å°V, ææéˆ´è˜­, ç‘ªæ ¼éº—ç‰¹, æµ®é›², æ¡Œè§’, è¥¿è²é­¯, ä¹æ«», ç§‹æ",2022-03-08,https://i.ytimg.com/vi/u2eP1D-XuNk/mqdefault.jpg?v=62273995,TRUE
cce928e3becb961e8015e4d25459421b,https://youtu.be/LCyZm-_PsbY,ç‹å»è²·é£²æ–™ã€‚ï½œç¥ç¨»æ«»ç«,17,UC_soGpcb7SORsk5yzHLMdTQ,ç¥ç¨»æ«»ç«KAMIINA HARUHI ã€CloudHorizonæ‰€å±¬ã€‘,"ç¥ç¨»æ«»ç«, æ‚ ç™½, é›²éš›ç·š, Vtuber, å°V, ææéˆ´è˜­, ç‘ªæ ¼éº—ç‰¹, æµ®é›², æ¡Œè§’, è¥¿è²é­¯, ä¹æ«», ç§‹æ",2022-02-26,https://i.ytimg.com/vi/LCyZm-_PsbY/mqdefault.jpg,TRUE
ad401626130d2463b1334a0dc45525b5,https://youtu.be/YCEt6nP49gc,ã€ç¥ç¨»æ«»ç«å®˜æ–¹ç²¾è¯ã€‘ é€™äº”ç™¾å¹´éƒ½åœ¨çœ‹è¿·å› ,503,UC_soGpcb7SORsk5yzHLMdTQ,ç¥ç¨»æ«»ç«KAMIINA HARUHI ã€CloudHorizonæ‰€å±¬ã€‘,"ç¥ç¨»æ«»ç«, æ‚ ç™½, é›²éš›ç·š, Vtuber, å°V, ææéˆ´è˜­, ç‘ªæ ¼éº—ç‰¹, æµ®é›², æ¡Œè§’, è¥¿è²é­¯, ä¹æ«», ç§‹æ",2022-02-23,https://i.ytimg.com/vi/YCEt6nP49gc/mqdefault.jpg?v=6214ea88,TRUE
927b0da927216565cf2a19d958632ea6,https://youtu.be/g5-wOLEM0kY,èŸ¾èœç¹ªåœ–å°!!ä»‹ç´¹èŸ¾èœğŸŒ¸ğŸŒ¸ğŸŒ¸#ç¥ç¨»æ«»ç«,5561,UC_soGpcb7SORsk5yzHLMdTQ,ç¥ç¨»æ«»ç«KAMIINA HARUHI ã€CloudHorizonæ‰€å±¬ã€‘,"ç¥ç¨»æ«»ç«, æ‚ ç™½, é›²éš›ç·š, Vtuber, å°V, ææéˆ´è˜­, ç‘ªæ ¼éº—ç‰¹, æµ®é›², æ¡Œè§’, è¥¿è²é­¯, ä¹æ«», ç§‹æ",2022-02-19,https://i.ytimg.com/vi/g5-wOLEM0kY/mqdefault.jpg?v=6210d559,TRUE
d79f392ef6cc2c00acaf23a7492ea91c,https://youtu.be/EV8MGKXA7qA,æ—©ä¸Šå¥½ç¥ç¤¾ğŸŒ¸ç¾åœ¨ç‹æœ‰éº¥ç•¶å‹æ—©é¤ğŸŒ¸#ç¥ç¨»æ«»ç«,6085,UC_soGpcb7SORsk5yzHLMdTQ,ç¥ç¨»æ«»ç«KAMIINA HARUHI ã€CloudHorizonæ‰€å±¬ã€‘,"ç¥ç¨»æ«»ç«, æ‚ ç™½, é›²éš›ç·š, Vtuber, å°V, ææéˆ´è˜­, ç‘ªæ ¼éº—ç‰¹, æµ®é›², æ¡Œè§’, è¥¿è²é­¯, ä¹æ«», ç§‹æ",2022-02-16,https://i.ytimg.com/vi/EV8MGKXA7qA/mqdefault.jpg?v=620da394,TRUE
533f3a694787f59895f175638f21d32e,https://youtu.be/D-KktrNYEcY,ç”²èŸ²ç¹ªåœ–å°ğŸŒ¸ğŸŒ¸ğŸŒ¸#ç¥ç¨»æ«»ç«,5706,UC_soGpcb7SORsk5yzHLMdTQ,ç¥ç¨»æ«»ç«KAMIINA HARUHI ã€CloudHorizonæ‰€å±¬ã€‘,"ç¥ç¨»æ«»ç«, æ‚ ç™½, é›²éš›ç·š, Vtuber, å°V, ææéˆ´è˜­, ç‘ªæ ¼éº—ç‰¹, æµ®é›², æ¡Œè§’, è¥¿è²é­¯, ä¹æ«», ç§‹æ",2022-02-11,https://i.ytimg.com/vi/D-KktrNYEcY/mqdefault.jpg?v=6206444f,TRUE
f0507afa7838d117fd9fb68304fd0c2a,https://youtu.be/nkFm6F8qb6Y,æ—©å®‰å‘±å‘±ğŸŒ¸å”±æ­ŒèŠå¤©ğŸŒ¸#ç¥ç¨»æ«»ç«,5845,UC_soGpcb7SORsk5yzHLMdTQ,ç¥ç¨»æ«»ç«KAMIINA HARUHI ã€CloudHorizonæ‰€å±¬ã€‘,"ç¥ç¨»æ«»ç«, æ‚ ç™½, é›²éš›ç·š, Vtuber, å°V, ææéˆ´è˜­, ç‘ªæ ¼éº—ç‰¹, æµ®é›², æ¡Œè§’, è¥¿è²é­¯, ä¹æ«», ç§‹æ",2022-02-08,https://i.ytimg.com/vi/nkFm6F8qb6Y/mqdefault.jpg?v=6202fa57,TRUE
77e18fa100394e5d59cb3cf108c51722,https://youtu.be/HpvNEjKKtKY,çœ‹çœ‹ç¾åœ¨éƒ½å¹¾é»äº†çªè¥²ç·´æ­ŒğŸŒ¸#ç¥ç¨»æ«»ç«,7994,UC_soGpcb7SORsk5yzHLMdTQ,ç¥ç¨»æ«»ç«KAMIINA HARUHI ã€CloudHorizonæ‰€å±¬ã€‘,"ç¥ç¨»æ«»ç«, æ‚ ç™½, é›²éš›ç·š, Vtuber, å°V, ææéˆ´è˜­, ç‘ªæ ¼éº—ç‰¹, æµ®é›², æ¡Œè§’, è¥¿è²é­¯, ä¹æ«», ç§‹æ",2022-02-07,https://i.ytimg.com/vi/HpvNEjKKtKY/mqdefault.jpg?v=62014f51,TRUE
c4af3d0ffd866bcb5f9d36f47514356c,https://youtu.be/ecRdBnKjEHY,æ–°å¹´å¿«æ¨‚!!æ™šä¸Šç·´æ­Œé›œè«‡å°!!ğŸŒ¸ç¬¬äºŒå›#ç¥ç¨»æ«»ç«,8813,UC_soGpcb7SORsk5yzHLMdTQ,ç¥ç¨»æ«»ç«KAMIINA HARUHI ã€CloudHorizonæ‰€å±¬ã€‘,"ç¥ç¨»æ«»ç«, æ‚ ç™½, é›²éš›ç·š, Vtuber, å°V, ææéˆ´è˜­, ç‘ªæ ¼éº—ç‰¹, æµ®é›², æ¡Œè§’, è¥¿è²é­¯, ä¹æ«», ç§‹æ",2022-02-03,https://i.ytimg.com/vi/ecRdBnKjEHY/mqdefault.jpg?v=61fbaafe,TRUE
08281146176baa66d16b81957ad412cc,https://youtu.be/11feVVcF4yw,æ–°å¹´å¿«æ¨‚!!æ™šä¸Šç·´æ­Œé›œè«‡å°!!ğŸŒ¸#ç¥ç¨»æ«»ç«,7242,UC_soGpcb7SORsk5yzHLMdTQ,ç¥ç¨»æ«»ç«KAMIINA HARUHI ã€CloudHorizonæ‰€å±¬ã€‘,"ç¥ç¨»æ«»ç«, æ‚ ç™½, é›²éš›ç·š, Vtuber, å°V, ææéˆ´è˜­, ç‘ªæ ¼éº—ç‰¹, æµ®é›², æ¡Œè§’, è¥¿è²é­¯, ä¹æ«», ç§‹æ",2022-02-01,https://i.ytimg.com/vi/11feVVcF4yw/mqdefault.jpg?v=61f93d40,TRUE
789a73c2240942b514bf082e99cab74d,https://youtu.be/N_iZBDe7-Dw,æ—©å®‰å‘±å‘±ğŸŒ¸ğŸŒ¸ğŸŒ¸#ç¥ç¨»æ«»ç«,7456,UC_soGpcb7SORsk5yzHLMdTQ,ç¥ç¨»æ«»ç«KAMIINA HARUHI ã€CloudHorizonæ‰€å±¬ã€‘,"ç¥ç¨»æ«»ç«, æ‚ ç™½, é›²éš›ç·š, Vtuber, å°V, ææéˆ´è˜­, ç‘ªæ ¼éº—ç‰¹, æµ®é›², æ¡Œè§’, è¥¿è²é­¯, ä¹æ«», ç§‹æ",2022-01-28,https://i.ytimg.com/vi/N_iZBDe7-Dw/mqdefault.jpg,TRUE
24c33d8aba19c064b428ba6760825057,https://youtu.be/dXN_WXWnwh4,80å¹´ä»£æ°‘æ­Œç²¾é¸SCæ„Ÿè¬!!ğŸŒ¸#ç¥ç¨»æ«»ç«,3914,UC_soGpcb7SORsk5yzHLMdTQ,ç¥ç¨»æ«»ç«KAMIINA HARUHI ã€CloudHorizonæ‰€å±¬ã€‘,"ç¥ç¨»æ«»ç«, æ‚ ç™½, é›²éš›ç·š, Vtuber, å°V, ææéˆ´è˜­, ç‘ªæ ¼éº—ç‰¹, æµ®é›², æ¡Œè§’, è¥¿è²é­¯, ä¹æ«», ç§‹æ",2022-01-27,https://i.ytimg.com/vi/dXN_WXWnwh4/mqdefault.jpg?v=61f262b8,TRUE
ab8061d147f72fddcaa88029a49974ee,https://youtu.be/DRou-nA86Js,é€±äºŒä¸‹åˆçš„é™ªä¸Šç­ç·´å”±æ™‚é–“ğŸŒ¸#ç¥ç¨»æ«»ç«,5369,UC_soGpcb7SORsk5yzHLMdTQ,ç¥ç¨»æ«»ç«KAMIINA HARUHI ã€CloudHorizonæ‰€å±¬ã€‘,"ç¥ç¨»æ«»ç«, æ‚ ç™½, é›²éš›ç·š, Vtuber, å°V, ææéˆ´è˜­, ç‘ªæ ¼éº—ç‰¹, æµ®é›², æ¡Œè§’, è¥¿è²é­¯, ä¹æ«», ç§‹æ",2022-01-24,https://i.ytimg.com/vi/DRou-nA86Js/mqdefault.jpg?v=61ef8e93,TRUE
428533aa6408a8e888d1dfaaeb976b8d,https://youtu.be/G1XT3-suun8,é¬¼æ•…äº‹å¾Œçš„æ—©å®‰å‘±å‘±!!ğŸŒ¸#ç¥ç¨»æ«»ç«,6272,UC_soGpcb7SORsk5yzHLMdTQ,ç¥ç¨»æ«»ç«KAMIINA HARUHI ã€CloudHorizonæ‰€å±¬ã€‘,"ç¥ç¨»æ«»ç«, æ‚ ç™½, é›²éš›ç·š, Vtuber, å°V, ææéˆ´è˜­, ç‘ªæ ¼éº—ç‰¹, æµ®é›², æ¡Œè§’, è¥¿è²é­¯, ä¹æ«», ç§‹æ",2022-01-22,https://i.ytimg.com/vi/G1XT3-suun8/mqdefault.jpg,TRUE
49522d09c1d9229b0fd000a848bbb1ea,https://youtu.be/KM5y2SI9EzU,å‘±å‘±å€‘çš„ææ€–æ•…äº‹åˆ†äº«æ™‚é–“!!ğŸŒ¸#ç¥ç¨»æ«»ç«,4522,UC_soGpcb7SORsk5yzHLMdTQ,ç¥ç¨»æ«»ç«KAMIINA HARUHI ã€CloudHorizonæ‰€å±¬ã€‘,"ç¥ç¨»æ«»ç«, æ‚ ç™½, é›²éš›ç·š, Vtuber, å°V, ææéˆ´è˜­, ç‘ªæ ¼éº—ç‰¹, æµ®é›², æ¡Œè§’, è¥¿è²é­¯, ä¹æ«», ç§‹æ",2022-01-22,https://i.ytimg.com/vi/KM5y2SI9EzU/mqdefault.jpg?v=61eb73dd,TRUE
b517e22a443191df264f9de3b6c1ae3f,https://youtu.be/3S99Z0A1nvs,è½èªªä»Šå¤©å¾ˆå¤šå‘±å‘±ä¸Šç­è£œç­...?ğŸŒ¸é™ªä¸Šç­ç·´æ­Œå°ä¾†å›‰!!#ç¥ç¨»æ«»ç«,5058,UC_soGpcb7SORsk5yzHLMdTQ,ç¥ç¨»æ«»ç«KAMIINA HARUHI ã€CloudHorizonæ‰€å±¬ã€‘,"ç¥ç¨»æ«»ç«, æ‚ ç™½, é›²éš›ç·š, Vtuber, å°V, ææéˆ´è˜­, ç‘ªæ ¼éº—ç‰¹, æµ®é›², æ¡Œè§’, è¥¿è²é­¯, ä¹æ«», ç§‹æ",2022-01-22,https://i.ytimg.com/vi/3S99Z0A1nvs/mqdefault.jpg?v=61eb5df8,TRUE
0e195fcd108aac9fa707a75e9707a538,https://youtu.be/GnMmgvDdONI,80å¹´ä»£ç²¾é¸æ­Œå›ğŸŒ¸å…¨å®¶ä¸€èµ·ä¾†æ‡·èˆŠå›‰!!ğŸŒ¸#ç¥ç¨»æ«»ç«,3260,UC_soGpcb7SORsk5yzHLMdTQ,ç¥ç¨»æ«»ç«KAMIINA HARUHI ã€CloudHorizonæ‰€å±¬ã€‘,"ç¥ç¨»æ«»ç«, æ‚ ç™½, é›²éš›ç·š, Vtuber, å°V, ææéˆ´è˜­, ç‘ªæ ¼éº—ç‰¹, æµ®é›², æ¡Œè§’, è¥¿è²é­¯, ä¹æ«», ç§‹æ",2022-01-20,https://i.ytimg.com/vi/GnMmgvDdONI/mqdefault.jpg?v=61e60b37,TRUE
7128f6cdb09fd6a5802f9e8c88183bc7,https://youtu.be/5e14z9LTk2o,çªè¥²!!!å”±æ­ŒèŠå¤©ä»€éº¼éƒ½åšçš„ä¼‘é–’ä½œæ¥­å°ğŸŒ¸#ç¥ç¨»æ«»ç«,8632,UC_soGpcb7SORsk5yzHLMdTQ,ç¥ç¨»æ«»ç«KAMIINA HARUHI ã€CloudHorizonæ‰€å±¬ã€‘,"ç¥ç¨»æ«»ç«, æ‚ ç™½, é›²éš›ç·š, Vtuber, å°V, ææéˆ´è˜­, ç‘ªæ ¼éº—ç‰¹, æµ®é›², æ¡Œè§’, è¥¿è²é­¯, ä¹æ«», ç§‹æ",2022-01-13,https://i.ytimg.com/vi/5e14z9LTk2o/mqdefault.jpg?v=61e0d020,TRUE
42da505e66df241dcc2e90aecaa7e752,https://youtu.be/FI9kG1BFtp4,åƒåƒæ£‰èŠ±ç³–ğŸŒ¸ğŸŒ¸ğŸŒ¸#ç¥ç¨»æ«»ç«,8809,UC_soGpcb7SORsk5yzHLMdTQ,ç¥ç¨»æ«»ç«KAMIINA HARUHI ã€CloudHorizonæ‰€å±¬ã€‘,"ç¥ç¨»æ«»ç«, æ‚ ç™½, é›²éš›ç·š, Vtuber, å°V, ææéˆ´è˜­, ç‘ªæ ¼éº—ç‰¹, æµ®é›², æ¡Œè§’, è¥¿è²é­¯, ä¹æ«», ç§‹æ",2022-01-13,https://i.ytimg.com/vi/FI9kG1BFtp4/mqdefault.jpg,TRUE
d5a18c60551a26a3648fab7cb2a59d9e,https://youtu.be/OzSPpZ7kFwA,ä¸‹åˆå¥½å‘±å‘±!!ğŸŒ¸ğŸŒ¸ğŸŒ¸çªè¥²ç‹ç‹¸!!!ğŸŒ¸#ç¥ç¨»æ«»ç«,6883,UC_soGpcb7SORsk5yzHLMdTQ,ç¥ç¨»æ«»ç«KAMIINA HARUHI ã€CloudHorizonæ‰€å±¬ã€‘,"ç¥ç¨»æ«»ç«, æ‚ ç™½, é›²éš›ç·š, Vtuber, å°V, ææéˆ´è˜­, ç‘ªæ ¼éº—ç‰¹, æµ®é›², æ¡Œè§’, è¥¿è²é­¯, ä¹æ«», ç§‹æ",2022-01-12,https://i.ytimg.com/vi/OzSPpZ7kFwA/mqdefault.jpg?v=61de968b,TRUE
178aa40f1657ea76b79de7062be6017e,https://youtu.be/4IhvTNP1JyE,éš¨é¸éš¨å”±ç·´æ­Œå›!!ğŸŒ¸#ç¥ç¨»æ«»ç«,9892,UC_soGpcb7SORsk5yzHLMdTQ,ç¥ç¨»æ«»ç«KAMIINA HARUHI ã€CloudHorizonæ‰€å±¬ã€‘,"ç¥ç¨»æ«»ç«, æ‚ ç™½, é›²éš›ç·š, Vtuber, å°V, ææéˆ´è˜­, ç‘ªæ ¼éº—ç‰¹, æµ®é›², æ¡Œè§’, è¥¿è²é­¯, ä¹æ«», ç§‹æ",2022-01-09,https://i.ytimg.com/vi/4IhvTNP1JyE/mqdefault.jpg?v=61da9c5c,TRUE
63862f1af9a61a713329f26476659ebb,https://youtu.be/ahd6RjDskXE,æ—©å®‰å‘±å‘±!!!ğŸŒ¸ğŸŒ¸ğŸŒ¸#ç¥ç¨»æ«»ç«,6132,UC_soGpcb7SORsk5yzHLMdTQ,ç¥ç¨»æ«»ç«KAMIINA HARUHI ã€CloudHorizonæ‰€å±¬ã€‘,"ç¥ç¨»æ«»ç«, æ‚ ç™½, é›²éš›ç·š, Vtuber, å°V, ææéˆ´è˜­, ç‘ªæ ¼éº—ç‰¹, æµ®é›², æ¡Œè§’, è¥¿è²é­¯, ä¹æ«», ç§‹æ",2022-01-06,https://i.ytimg.com/vi/ahd6RjDskXE/mqdefault.jpg,TRUE
7940fe6ab742e2eccc70e169105ee0bc,https://youtu.be/bOBEOR0ORAk,èŠèŠå¤©!!è¬›è¬›æ–°çš„ç‰¹è£½ç¦®åŒ…å…§å®¹!!ğŸŒ¸#ç¥ç¨»æ«»ç«,4459,UC_soGpcb7SORsk5yzHLMdTQ,ç¥ç¨»æ«»ç«KAMIINA HARUHI ã€CloudHorizonæ‰€å±¬ã€‘,"ç¥ç¨»æ«»ç«, æ‚ ç™½, é›²éš›ç·š, Vtuber, å°V, ææéˆ´è˜­, ç‘ªæ ¼éº—ç‰¹, æµ®é›², æ¡Œè§’, è¥¿è²é­¯, ä¹æ«», ç§‹æ",2022-01-03,https://i.ytimg.com/vi/bOBEOR0ORAk/mqdefault.jpg,TRUE
9e63795b7a2147261ddea63dbb1f2312,https://youtu.be/27ZAltA_OFI,ã€å‡æ—¥é›œè«‡ã€‘èŠèŠå‡ºé“åˆ°ç¾åœ¨çš„äº‹æƒ…ğŸŒ¸#ç¥ç¨»æ«»ç«,6719,UC_soGpcb7SORsk5yzHLMdTQ,ç¥ç¨»æ«»ç«KAMIINA HARUHI ã€CloudHorizonæ‰€å±¬ã€‘,"ç¥ç¨»æ«»ç«, æ‚ ç™½, é›²éš›ç·š, Vtuber, å°V, ææéˆ´è˜­, ç‘ªæ ¼éº—ç‰¹, æµ®é›², æ¡Œè§’, è¥¿è²é­¯, ä¹æ«», ç§‹æ",2022-01-01,https://i.ytimg.com/vi/27ZAltA_OFI/mqdefault.jpg?v=61d12eed,TRUE
569c05e84ae3a4f9f2415fea1f7ec9a7,https://youtu.be/BJJgQKSTZ9M,2022å¹´ ç¥ç¨»æ«»ç«çš„æ–°å¹´ç¥ç¦ ç‹å‘±å€‘æ–°å¹´å¿«æ¨‚! #ç¥ç¨»æ«»ç«,137,UC_soGpcb7SORsk5yzHLMdTQ,ç¥ç¨»æ«»ç«KAMIINA HARUHI ã€CloudHorizonæ‰€å±¬ã€‘,"ç¥ç¨»æ«»ç«, æ‚ ç™½, é›²éš›ç·š, Vtuber, å°V, ææéˆ´è˜­, ç‘ªæ ¼éº—ç‰¹, æµ®é›², æ¡Œè§’, è¥¿è²é­¯, ä¹æ«», ç§‹æ",2021-12-31,https://i.ytimg.com/vi/BJJgQKSTZ9M/mqdefault.jpg,TRUE
e3433093123fe353b2776a956e53a70f,https://youtu.be/gaR8nXJypjY,ç•¶æ™‚å°±æŒºçªç„¶çš„ä¹‹å…©è¬å‘±å‘±æ„Ÿè¬çªè¥²ğŸŒ¸#ç¥ç¨»æ«»ç«,5241,UC_soGpcb7SORsk5yzHLMdTQ,ç¥ç¨»æ«»ç«KAMIINA HARUHI ã€CloudHorizonæ‰€å±¬ã€‘,"ç¥ç¨»æ«»ç«, æ‚ ç™½, é›²éš›ç·š, Vtuber, å°V, ææéˆ´è˜­, ç‘ªæ ¼éº—ç‰¹, æµ®é›², æ¡Œè§’, è¥¿è²é­¯, ä¹æ«», ç§‹æ",2021-12-28,https://i.ytimg.com/vi/gaR8nXJypjY/mqdefault.jpg?v=61cb2e61,TRUE
72675a32895a420ec21db1cd17f0f4eb,https://youtu.be/By121NHbFIY,ä½œæ¥­å”±æ­ŒèŠèŠå¤©ğŸŒ¸#ç¥ç¨»æ«»ç«,7416,UC_soGpcb7SORsk5yzHLMdTQ,ç¥ç¨»æ«»ç«KAMIINA HARUHI ã€CloudHorizonæ‰€å±¬ã€‘,"ç¥ç¨»æ«»ç«, æ‚ ç™½, é›²éš›ç·š, Vtuber, å°V, ææéˆ´è˜­, ç‘ªæ ¼éº—ç‰¹, æµ®é›², æ¡Œè§’, è¥¿è²é­¯, ä¹æ«», ç§‹æ",2021-12-27,https://i.ytimg.com/vi/By121NHbFIY/mqdefault.jpg?v=61c9a097,TRUE
f2ba5847dc1ef6595cba0fd0ccc8ec20,https://youtu.be/DguA_-9I2hM,é€±æ—¥ä¸‹åˆğŸŒ¸èŠèŠå¤©ğŸŒ¸#ç¥ç¨»æ«»ç«,4839,UC_soGpcb7SORsk5yzHLMdTQ,ç¥ç¨»æ«»ç«KAMIINA HARUHI ã€CloudHorizonæ‰€å±¬ã€‘,"ç¥ç¨»æ«»ç«, æ‚ ç™½, é›²éš›ç·š, Vtuber, å°V, ææéˆ´è˜­, ç‘ªæ ¼éº—ç‰¹, æµ®é›², æ¡Œè§’, è¥¿è²é­¯, ä¹æ«», ç§‹æ",2021-12-26,https://i.ytimg.com/vi/DguA_-9I2hM/mqdefault.jpg?v=61c81ca0,TRUE
ad2bbf69d63a805c39f4fcb57e7ca727,https://youtu.be/bcxbPtmICV4,ä¸»é¡Œæ­Œå›!!!é‡é–‹!!#ç¥ç¨»æ«»ç«,5993,UC_soGpcb7SORsk5yzHLMdTQ,ç¥ç¨»æ«»ç«KAMIINA HARUHI ã€CloudHorizonæ‰€å±¬ã€‘,"ç¥ç¨»æ«»ç«, æ‚ ç™½, é›²éš›ç·š, Vtuber, å°V, ææéˆ´è˜­, ç‘ªæ ¼éº—ç‰¹, æµ®é›², æ¡Œè§’, è¥¿è²é­¯, ä¹æ«», ç§‹æ",2021-12-20,https://i.ytimg.com/vi/bcxbPtmICV4/mqdefault.jpg?v=61c07320,TRUE
14ea3d30934cd7a3c5e2d3ab0bf94d22,https://youtu.be/LZvl5SzkHu4,æ—©å®‰å‘±å‘±è®Šæˆå¼µæ¸…èŠ³æ­Œå›ï¼Ÿç”¨å¼µæ¸…èŠ³çš„å”±è…”è©®é‡‹å„ç¨®æ­Œæ›²çš„ç‹ç‹¸ ï½œç¥ç¨»æ«»ç«å®˜æ–¹ç²¾è¯ #ç¥ç¨»æ«»ç«,295,UC_soGpcb7SORsk5yzHLMdTQ,ç¥ç¨»æ«»ç«KAMIINA HARUHI ã€CloudHorizonæ‰€å±¬ã€‘,"ç¥ç¨»æ«»ç«, æ‚ ç™½, é›²éš›ç·š, Vtuber, å°V, ææéˆ´è˜­, ç‘ªæ ¼éº—ç‰¹, æµ®é›², æ¡Œè§’, è¥¿è²é­¯, ä¹æ«», ç§‹æ",2021-12-19,https://i.ytimg.com/vi/LZvl5SzkHu4/mqdefault.jpg,TRUE
d503da67d6f35359d15aae4f85a8e750,https://youtu.be/RkucWSmLRAI,å‡æ—¥çš„æ—©å®‰å‘±å‘±!!ğŸŒ¸#ç¥ç¨»æ«»ç«,6843,UC_soGpcb7SORsk5yzHLMdTQ,ç¥ç¨»æ«»ç«KAMIINA HARUHI ã€CloudHorizonæ‰€å±¬ã€‘,"ç¥ç¨»æ«»ç«, æ‚ ç™½, é›²éš›ç·š, Vtuber, å°V, ææéˆ´è˜­, ç‘ªæ ¼éº—ç‰¹, æµ®é›², æ¡Œè§’, è¥¿è²é­¯, ä¹æ«», ç§‹æ",2021-12-18,https://i.ytimg.com/vi/RkucWSmLRAI/mqdefault.jpg?v=61bdf084,TRUE
6d6a593e55d3c9de0c82e84a6dd70311,https://youtu.be/OtNhXoiXuzI,ç‹å›ä¾†äº†å‘±å‘±å€‘!!ğŸŒ¸#ç¥ç¨»æ«»ç«,4082,UC_soGpcb7SORsk5yzHLMdTQ,ç¥ç¨»æ«»ç«KAMIINA HARUHI ã€CloudHorizonæ‰€å±¬ã€‘,"ç¥ç¨»æ«»ç«, æ‚ ç™½, é›²éš›ç·š, Vtuber, å°V, ææéˆ´è˜­, ç‘ªæ ¼éº—ç‰¹, æµ®é›², æ¡Œè§’, è¥¿è²é­¯, ä¹æ«», ç§‹æ",2021-12-18,https://i.ytimg.com/vi/OtNhXoiXuzI/mqdefault.jpg,TRUE
201cc786406fb20e9919096ca748c128,https://youtu.be/rxGpkORQewY,ä¼Šè—¤æ½¤äºŒé©šé¸é›†ğŸ¸ç¬¬ä¸€.åé›†åŒæ™‚è¦–è½ğŸŒ¸#ç¥ç¨»æ«»ç«,7352,UC_soGpcb7SORsk5yzHLMdTQ,ç¥ç¨»æ«»ç«KAMIINA HARUHI ã€CloudHorizonæ‰€å±¬ã€‘,"ç¥ç¨»æ«»ç«, æ‚ ç™½, é›²éš›ç·š, Vtuber, å°V, ææéˆ´è˜­, ç‘ªæ ¼éº—ç‰¹, æµ®é›², æ¡Œè§’, è¥¿è²é­¯, ä¹æ«», ç§‹æ",2021-12-02,https://i.ytimg.com/vi/rxGpkORQewY/mqdefault.jpg,TRUE
65f24fe223f3379c65f5e149caa65581,https://youtu.be/KpFYfqnL1Fk,ã€ææ€–éŠæˆ²å¯¦æ³ã€‘çªç™¼!!æ˜ŸæœŸä¸‰æ™šä¸Šçš„é‚„é¡˜ğŸŒ¸#ç¥ç¨»æ«»ç«,6660,UC_soGpcb7SORsk5yzHLMdTQ,ç¥ç¨»æ«»ç«KAMIINA HARUHI ã€CloudHorizonæ‰€å±¬ã€‘,"ç¥ç¨»æ«»ç«, æ‚ ç™½, é›²éš›ç·š, Vtuber, å°V, ææéˆ´è˜­, ç‘ªæ ¼éº—ç‰¹, æµ®é›², æ¡Œè§’, è¥¿è²é­¯, ä¹æ«», ç§‹æ",2021-12-01,https://i.ytimg.com/vi/KpFYfqnL1Fk/mqdefault.jpg?v=61a760cd,TRUE
ef5a49b2cf0721d0ada963a09f7c4107,https://youtu.be/lpRVm5pzMNM,ä¸€è¬è¨‚é–±æ…¶ç¥æ­Œå›!!ç‹å‘±å€‘çš„æ•…äº‹ç¯‡!!ğŸŒ¸ğŸ¸#ç¥ç¨»æ«»ç«,8296,UC_soGpcb7SORsk5yzHLMdTQ,ç¥ç¨»æ«»ç«KAMIINA HARUHI ã€CloudHorizonæ‰€å±¬ã€‘,"ç¥ç¨»æ«»ç«, æ‚ ç™½, é›²éš›ç·š, Vtuber, å°V, ææéˆ´è˜­, ç‘ªæ ¼éº—ç‰¹, æµ®é›², æ¡Œè§’, è¥¿è²é­¯, ä¹æ«», ç§‹æ",2021-11-27,https://i.ytimg.com/vi/lpRVm5pzMNM/mqdefault.jpg?v=61989d77,TRUE
cb8c184eff2f0172f530047859dbc7b6,https://youtu.be/Y9xohSGooHQ,çªè¥²!!ç·´æ­Œå›‰!!è¶´å…”!!!ğŸŒ¸#ç¥ç¨»æ«»ç«,5599,UC_soGpcb7SORsk5yzHLMdTQ,ç¥ç¨»æ«»ç«KAMIINA HARUHI ã€CloudHorizonæ‰€å±¬ã€‘,"ç¥ç¨»æ«»ç«, æ‚ ç™½, é›²éš›ç·š, Vtuber, å°V, ææéˆ´è˜­, ç‘ªæ ¼éº—ç‰¹, æµ®é›², æ¡Œè§’, è¥¿è²é­¯, ä¹æ«», ç§‹æ",2021-11-21,https://i.ytimg.com/vi/Y9xohSGooHQ/mqdefault.jpg?v=619a51de,TRUE
72079f3b0a4106750fcf4cd6bf9c3515,https://youtu.be/MX01b3zxuyc,ã€ææ€–éŠæˆ²å¯¦æ³ã€‘çªç™¼!!æ˜ŸæœŸæ—¥ä¸‹åˆçš„é‚„é¡˜ğŸŒ¸#ç¥ç¨»æ«»ç«,5713,UC_soGpcb7SORsk5yzHLMdTQ,ç¥ç¨»æ«»ç«KAMIINA HARUHI ã€CloudHorizonæ‰€å±¬ã€‘,"ç¥ç¨»æ«»ç«, æ‚ ç™½, é›²éš›ç·š, Vtuber, å°V, ææéˆ´è˜­, ç‘ªæ ¼éº—ç‰¹, æµ®é›², æ¡Œè§’, è¥¿è²é­¯, ä¹æ«», ç§‹æ",2021-11-21,https://i.ytimg.com/vi/MX01b3zxuyc/mqdefault.jpg?v=6199ea52,TRUE
0206cbfce7a1dc03c2ed323a92086198,https://youtu.be/auQRQaSNzak,çªè¥²!!ç·´æ­Œå›‰!!ğŸŒ¸#ç¥ç¨»æ«»ç«,7415,UC_soGpcb7SORsk5yzHLMdTQ,ç¥ç¨»æ«»ç«KAMIINA HARUHI ã€CloudHorizonæ‰€å±¬ã€‘,"ç¥ç¨»æ«»ç«, æ‚ ç™½, é›²éš›ç·š, Vtuber, å°V, ææéˆ´è˜­, ç‘ªæ ¼éº—ç‰¹, æµ®é›², æ¡Œè§’, è¥¿è²é­¯, ä¹æ«», ç§‹æ",2021-11-20,https://i.ytimg.com/vi/auQRQaSNzak/mqdefault.jpg,TRUE
6349fffe828587d73c3f8d4db0426900,https://youtu.be/6kSnVxIVw1M,æ—©å®‰å‘±å‘±!!é™ªç‹åƒæ—©é¤å›‰!!ğŸŒ¸#ç¥ç¨»æ«»ç«,5685,UC_soGpcb7SORsk5yzHLMdTQ,ç¥ç¨»æ«»ç«KAMIINA HARUHI ã€CloudHorizonæ‰€å±¬ã€‘,"ç¥ç¨»æ«»ç«, æ‚ ç™½, é›²éš›ç·š, Vtuber, å°V, ææéˆ´è˜­, ç‘ªæ ¼éº—ç‰¹, æµ®é›², æ¡Œè§’, è¥¿è²é­¯, ä¹æ«», ç§‹æ",2021-11-18,https://i.ytimg.com/vi/6kSnVxIVw1M/mqdefault.jpg,TRUE
313fa93959b9a994e5db7617c713b3bd,https://youtu.be/imFAF2R0D7o,èµ·å¸ç‹å‘±é–‹é€šç´€å¿µ!!å…§å®¹ä»‹ç´¹å‘±å‘±ğŸ¸ #ç¥ç¨»æ«»ç«,6263,UC_soGpcb7SORsk5yzHLMdTQ,ç¥ç¨»æ«»ç«KAMIINA HARUHI ã€CloudHorizonæ‰€å±¬ã€‘,"ç¥ç¨»æ«»ç«, æ‚ ç™½, é›²éš›ç·š, Vtuber, å°V, ææéˆ´è˜­, ç‘ªæ ¼éº—ç‰¹, æµ®é›², æ¡Œè§’, è¥¿è²é­¯, ä¹æ«», ç§‹æ",2021-11-14,https://i.ytimg.com/vi/imFAF2R0D7o/mqdefault.jpg?v=619079e1,TRUE
e7c17a860b8e22d1063db6db10e072e9,https://youtu.be/bCTH7bQz4EQ,æ—©å®‰å‘±å‘±!!ğŸŒ¸æ‰“èµ·ç²¾ç¥ä¾†å§!!ğŸ¸ #æ—©å®‰å‘±å‘± #ç¥ç¨»æ«»ç«,8086,UC_soGpcb7SORsk5yzHLMdTQ,ç¥ç¨»æ«»ç«KAMIINA HARUHI ã€CloudHorizonæ‰€å±¬ã€‘,"ç¥ç¨»æ«»ç«, æ‚ ç™½, é›²éš›ç·š, Vtuber, å°V, ææéˆ´è˜­, ç‘ªæ ¼éº—ç‰¹, æµ®é›², æ¡Œè§’, è¥¿è²é­¯, ä¹æ«», ç§‹æ",2021-11-09,https://i.ytimg.com/vi/bCTH7bQz4EQ/mqdefault.jpg?v=618aaafe,TRUE
9f8e3d7cb198eea012d01559af2d4172,https://youtu.be/b7ayjFBkoSQ,ä¾†ç•«æ‚ ç™½ç™½æ–°è¡£è£å›‰!!!ğŸŒ¸ğŸŒ¸ğŸŒ¸ #ç¥ç¨»æ«»ç«,8410,UC_soGpcb7SORsk5yzHLMdTQ,ç¥ç¨»æ«»ç«KAMIINA HARUHI ã€CloudHorizonæ‰€å±¬ã€‘,"ç¥ç¨»æ«»ç«, æ‚ ç™½, é›²éš›ç·š, Vtuber, å°V, ææéˆ´è˜­, ç‘ªæ ¼éº—ç‰¹, æµ®é›², æ¡Œè§’, è¥¿è²é­¯, ä¹æ«», ç§‹æ",2021-11-08,https://i.ytimg.com/vi/b7ayjFBkoSQ/mqdefault.jpg?v=61884417,TRUE
8e4e5ed04561419364bf44fef553f5fd,https://youtu.be/pigd7rIi59I,æ—©å®‰å‘±å‘±!!ğŸ¸ç‹å‘±å€‘èµ·åºŠå›‰!!ğŸŒ¸ #æ—©å®‰å‘±å‘± #ç¥ç¨»æ«»ç«,7496,UC_soGpcb7SORsk5yzHLMdTQ,ç¥ç¨»æ«»ç«KAMIINA HARUHI ã€CloudHorizonæ‰€å±¬ã€‘,"ç¥ç¨»æ«»ç«, æ‚ ç™½, é›²éš›ç·š, Vtuber, å°V, ææéˆ´è˜­, ç‘ªæ ¼éº—ç‰¹, æµ®é›², æ¡Œè§’, è¥¿è²é­¯, ä¹æ«», ç§‹æ",2021-11-01,https://i.ytimg.com/vi/pigd7rIi59I/mqdefault.jpg?v=617fe6de,TRUE
585953084ac861ace50c2b37ea66207b,https://youtu.be/9ueS0Wz1Hco,ã€åƒæ£‰èŠ±ç³–ã€‘é™ªç‹åƒæ£‰èŠ±ç³–!!ğŸŒ¸ğŸ¸ #ç¥ç¨»æ«»ç«,9921,UC_soGpcb7SORsk5yzHLMdTQ,ç¥ç¨»æ«»ç«KAMIINA HARUHI ã€CloudHorizonæ‰€å±¬ã€‘,"ç¥ç¨»æ«»ç«, æ‚ ç™½, é›²éš›ç·š, Vtuber, å°V, ææéˆ´è˜­, ç‘ªæ ¼éº—ç‰¹, æµ®é›², æ¡Œè§’, è¥¿è²é­¯, ä¹æ«», ç§‹æ",2021-10-29,https://i.ytimg.com/vi/9ueS0Wz1Hco/mqdefault.jpg?v=6179593f,TRUE
46846f1a2c65423e9cdda3a200cd531c,https://youtu.be/TLyBdSpDJFA,ã€åƒæ—©é¤å›‰ã€‘çªè¥²å‘±å‘±!!æ—©å®‰å‘€ğŸŒ¸ #ç¥ç¨»æ«»ç« #æ—©å®‰å‘±å‘±,15576,UC_soGpcb7SORsk5yzHLMdTQ,ç¥ç¨»æ«»ç«KAMIINA HARUHI ã€CloudHorizonæ‰€å±¬ã€‘,"ç¥ç¨»æ«»ç«, æ‚ ç™½, é›²éš›ç·š, Vtuber, å°V, ææéˆ´è˜­, ç‘ªæ ¼éº—ç‰¹, æµ®é›², æ¡Œè§’, è¥¿è²é­¯, ä¹æ«», ç§‹æ",2021-10-27,https://i.ytimg.com/vi/TLyBdSpDJFA/mqdefault.jpg?v=617959e6,TRUE
a821e46944ac1cae5c6e87caf8f2957f,https://youtu.be/nRuduZmFTCY,ã€åƒæ—©é¤å›‰ã€‘æ˜¯èª°ä½åœ¨æ·±å±±çš„å¤§ç¥ç¤¾è£¡?ğŸ¸#æ—©å®‰å‘±å‘±  #ç¥ç¨»æ«»ç«,7887,UC_soGpcb7SORsk5yzHLMdTQ,ç¥ç¨»æ«»ç«KAMIINA HARUHI ã€CloudHorizonæ‰€å±¬ã€‘,"ç¥ç¨»æ«»ç«, æ‚ ç™½, é›²éš›ç·š, Vtuber, å°V, ææéˆ´è˜­, ç‘ªæ ¼éº—ç‰¹, æµ®é›², æ¡Œè§’, è¥¿è²é­¯, ä¹æ«», ç§‹æ",2021-10-24,https://i.ytimg.com/vi/nRuduZmFTCY/mqdefault.jpg?v=61758920,TRUE
8a727812dd0127daa58d9562d4c033f0,https://youtu.be/I__gAfuayu8,ç¥ç¨»æ«»ç«ç«‹å¿—å‚³ #ç¥ç¨»æ«»ç«,180,UC_soGpcb7SORsk5yzHLMdTQ,ç¥ç¨»æ«»ç«KAMIINA HARUHI ã€CloudHorizonæ‰€å±¬ã€‘,"ç¥ç¨»æ«»ç«, æ‚ ç™½, é›²éš›ç·š, Vtuber, å°V, ææéˆ´è˜­, ç‘ªæ ¼éº—ç‰¹, æµ®é›², æ¡Œè§’, è¥¿è²é­¯, ä¹æ«», ç§‹æ, å‘±å‘±",2021-10-24,https://i.ytimg.com/vi/I__gAfuayu8/mqdefault.jpg,TRUE
00a5e377aa34f829e61f83bb847da071,https://youtu.be/NWaFmsXLAyU,ã€#åˆé…ä¿¡ã€‘åˆæ¬¡è¦‹é¢å‘±å‘±!!ğŸ¸ç‹æ˜¯ç¥ç¨»æ«»ç«ã€æ­¡è¿ä¾†åˆ°ç‹çš„ç¥ç¤¾â›©ï¸ğŸŒ¸,3537,UC_soGpcb7SORsk5yzHLMdTQ,ç¥ç¨»æ«»ç«KAMIINA HARUHI ã€CloudHorizonæ‰€å±¬ã€‘,"ç¥ç¨»æ«»ç«, æ‚ ç™½, é›²éš›ç·š, Vtuber, å°V, ææéˆ´è˜­, ç‘ªæ ¼éº—ç‰¹, æµ®é›², æ¡Œè§’, è¥¿è²é­¯, ä¹æ«», ç§‹æ",2021-10-24,https://i.ytimg.com/vi/NWaFmsXLAyU/mqdefault.jpg,TRUE
06de9630b9e311b744739ee749058155,https://youtu.be/Vlz-t2idjg8,ãŸã å›ã«æ™´ã‚Œ /ãƒ¨ãƒ«ã‚·ã‚« ï½œcover by ç¥ç¨»æ«»ç« Kamiina Haruhi,200,UC_soGpcb7SORsk5yzHLMdTQ,ç¥ç¨»æ«»ç«KAMIINA HARUHI ã€CloudHorizonæ‰€å±¬ã€‘,"ç¥ç¨»æ«»ç«, æ‚ ç™½, é›²éš›ç·š, Vtuber, å°V, ææéˆ´è˜­, ç‘ªæ ¼éº—ç‰¹, æµ®é›², æ¡Œè§’, è¥¿è²é­¯, ä¹æ«», ç§‹æ",2021-10-24,https://i.ytimg.com/vi/Vlz-t2idjg8/mqdefault.jpg?v=617036b2,TRUE
89555cbb929dc2037e88f87d792c406f,https://youtu.be/BxbUrvd-fs0,ã€æ«»ç«æ­Œå›è€¶ã€‘40meterPï¼æ‹æ„›è£åˆ¤ï½œcovered by ç¥ç¨»æ«»ç«ï½œä¸­æ—¥å­—å¹•ï½œæ¸…æ¾ˆå‹•è½è¶³ä»¥éœ‡æ’¼äººå¿ƒçš„æ­Œè²,256,UCt5aPNpCynzraC_HUIc3rHg,å°Vä¸Šçš„ä¸€æœµé››èŠğŸŒ¼,,2022-05-08,https://i.ytimg.com/vi/BxbUrvd-fs0/mqdefault.jpg,FALSE
994525a6daa2f03245083a5dee5ceae5,https://youtu.be/WhFijzLNTeY,ã€éˆ´è˜­ç²¾è¯LAã€‘ç«ç«å’Œç‘ªéº—æˆ–æ‚ ç™½åŒæ™‚æ‰é€²æ°´è£¡...å¦³è¦æ•‘èª°ï¼ï¼Ÿï½œã€Œé‚è¼¯å¤§å¸«ã€è˜­è˜­çš„ç¥å›æ‡‰æ˜¯......ï½œ ft.ææéˆ´è˜­ã€ç‘ªæ ¼éº—ç‰¹ã€ç¥ç¨»æ«»ç«ã€æ‚ ç™½,110,UCt5aPNpCynzraC_HUIc3rHg,å°Vä¸Šçš„ä¸€æœµé››èŠğŸŒ¼,,2022-01-28,https://i.ytimg.com/vi/WhFijzLNTeY/mqdefault.jpg,FALSE
2fec4d8167d5136b958d49b8ee378700,https://youtu.be/_Gkppd5w0PI,ã€å–”~èŸ¹å ¡ç‹ï½ï½ã€‘æ–°å°Vç›´æ¥åœ¨ä½ å‡ºé“ç›´æ’­å”±èµ·ã€ç¾è²ç‰ˆèŸ¹å ¡ç‹ä¹‹æ­Œã€ï½œç¥ç¨»æ«»ç«ã€€#æ«»ç«åˆé…ä¿¡,44,UCt5aPNpCynzraC_HUIc3rHg,å°Vä¸Šçš„ä¸€æœµé››èŠğŸŒ¼,,2021-10-24,https://i.ytimg.com/vi/_Gkppd5w0PI/mqdefault.jpg,FALSE
26858a91afa2fdfc7c769c9903415d3d,https://youtu.be/dCz5NH29VwY,ã€ç¥ç¨»æ«»ç«ã€‘å°Vè¿·å› ç‹å¤ªç„¡æƒ…äº†ï¼ç„¡æƒ…å–®æ®ºï½ç„¡æƒ…é›™æ®ºï½å“­é˜¿ï¼ï¼ (å±®ã‚œĞ”ã‚œ)å±®ï½œã€ğ™ˆğ™€ğ™ˆğ™€è¿·å› ã€‘,8,UCt5aPNpCynzraC_HUIc3rHg,å°Vä¸Šçš„ä¸€æœµé››èŠğŸŒ¼,,2021-09-29,https://i.ytimg.com/vi/dCz5NH29VwY/mqdefault.jpg,FALSE
063baad9d52ea293dea72155c01a76af,https://youtu.be/Phrzz_JmV2E,ã€ææéˆ´è˜­ ç¥ç¨»æ«»ç«ã€‘ã€Œå…‰è‘—æˆ‘çš„è…³ã„šå­ /  æˆ´ä½©å¦® ã€â”ƒé›²éš›ç·šç¾ˆçµ†ï¼Œå¤¢å¹»å…±æ¼”ã€‚ Cover by  Linglan Lily & KAMIINA HARUHI,219,UC9ZGawMstywa91MObSwkVWQ,æ²¹åˆ‡DD,"#ææéˆ´è˜­, #éˆ´è˜­çš„å¯«ç”Ÿç¹ªæœ¬LA, #éˆ´è˜­çš„æ•™å­¸æ—¥èªŒLA, Linglan Lily",2022-03-29,https://i.ytimg.com/vi/Phrzz_JmV2E/mqdefault.jpg?v=6242f58e,FALSE
a318cce0c705113623b115a29fa33215,https://youtu.be/ZogSRj7hQXQ,ã€æ­Œå›ã€‘æ˜¯æˆ‘ä¸å¤ å¥½ ã€byç‘ªæ ¼éº—ç‰¹ï¼æº«ç‰¹æ–¯ã€ææéˆ´è˜­ã€ç¥ç¨»æ«»ç«ã€‘ã€Olavæ­æ‹‰ã€‘,215,UC8ryfhsuuod3AIygwZ93_Mg,Olavæ­æ‹‰,"æ˜¯æˆ‘ä¸å¤ å¥½, æ˜¯æˆ‘ä¸å¤Ÿå¥½, æ­Œå›, å°V æ­Œå›, ææéˆ´è˜­, Linglan Lily, éˆ´è˜­, è˜­è˜­, æŠ¹èŒ¶ç‹¼, ç¥ç¨»æ«»ç«, KAMIINA HARUHI, æ«»ç«, ç«ç«, å¤§å®¶å¥½æˆ‘æ˜¯ç¥ç¨»æ«»ç«, ç‘ªæ ¼éº—ç‰¹ï¼æº«ç‰¹æ–¯, Margaretï¼Winters, ç‘ªæ ¼éº—ç‰¹ æº«ç‰¹æ–¯, ç‘ªæ ¼éº—ç‰¹æº«ç‰¹æ–¯, ç‘ªéº—, å¤§å°å§, ç‘ªæ ¼, è²´å®‰å®‰æˆ‘æ˜¯ç‘ªæ ¼éº—ç‰¹æº«ç‰¹æ–¯, å°ç¶¿ç¾Š, ç¶¿ç¾Š, å‘±å‘±, ç‹å‘±, é¢¨éˆ´è‰, LAç‰™, ææé“ƒå…°, é“ƒå…°, å…°å…°, ç¥ç¨»æ¨±ç«, æ¨±ç«, å¤§å®¶å¥½æˆ‘æ˜¯ç¥ç¨»æ¨±ç«, ç›æ ¼ä¸½ç‰¹ï¼æ¸©ç‰¹æ–¯, Margaretï¼ Winters, ç›æ ¼ä¸½ç‰¹ æ¸©ç‰¹æ–¯, ç›æ ¼ä¸½ç‰¹æ¸©ç‰¹æ–¯, ç›ä¸½, ç›æ ¼, è´µå®‰å®‰æˆ‘æ˜¯ç›æ ¼ä¸½ç‰¹æ¸©ç‰¹æ–¯, å°ç»µç¾Š, ç»µç¾Š, é£é“ƒè‰, é›²éš›ç·šcloud horizon, é›²éš›ç·š, äº‘é™…çº¿, é›²éš›ç·š ç•¢æ¥­, äº‘é™…çº¿ æ¯•ä¸š, vtuber, å°V, è‡ºV, å°ç£vtuber, å°ç£ vtuber, ç•¢æ¥­, ç•¢æ¥­å…¸ç¦®, ç•¢æ¥­å€’æ•¸, æ¯•ä¸š, æ¯•ä¸šå…¸ç¤¼, æ¯•ä¸šå€’æ•°, æ­¤ç”Ÿç„¡æ‚”å…¥ç¥ç¤¾ä¾†ä¸–é‚„åšå°ç‹å‘±, æ­¤ç”Ÿç„¡æ‚”æ„›ç‘ªéº—ä¾†ä¸–é‚„åšå°ç¶¿ç¾Š, æ­¤ç”Ÿä¸æ‚”ç•¶LAç‰™ä¾†ç”Ÿé‚„åšé¢¨éˆ´è‰, 2022, Olavæ­æ‹‰, olav, æ­æ‹‰, æç¬‘, æç¬‘é »é“, ç™‚è‚²é »é“, ç™‚ç™’é »é“, è¿·éŸ³é »é“, è¿·å› , meme, åµæ, å¯¶çŸ³ç«æ´›",2022-06-26,https://i.ytimg.com/vi/ZogSRj7hQXQ/mqdefault.jpg,FALSE
e5254f6e948156b161138fec5d70170b,https://youtu.be/YXmB_GHucWU,æ«»ç«ç¸½é•·çš„å¹«è¦å…¬å‘Šå¤§æœƒã€ç¥ç¨»æ«»ç«/KAMIINA HARUHI/ç«ç«/å°ç£Vtuberã€‘ã€Olavæ­æ‹‰ã€‘,27,UC8ryfhsuuod3AIygwZ93_Mg,Olavæ­æ‹‰,"æ«»ç«ç¸½é•·çš„å¹«è¦å…¬å‘Šå¤§æœƒ, æ¨±ç«æ€»é•¿çš„å¸®è§„å…¬å‘Šå¤§ä¼š, æœƒæœç©¿æ­, å¹«è¦å…¬å‘Š, ä¼šæœç©¿æ­, å¸®è§„å…¬å‘Š, æ«»ç«ç¸½é•·, æ¨±ç«æ€»é•¿, ç¥ç¨»æ«»ç«, ç¥ç›œæ«»ç«, ç¥é“æ«»ç«, ç«ç«, æ«»ç«, ç¥ç¨»æ¨±ç«, ç¥ç›—æ¨±ç«, ç¥é“æ¨±ç«, æ¨±ç«, KAMIINA HARUHI, ç«å“¥ä¸è¦, å‚‘å“¥è¿·å› , æ°å“¥è¿·å› , ç©¿çµ²è¥ª, æ«»ç«å¹«, æ¨±ç«å¸®, ç¥ç¨»ç¸½é•·, ç¥ç¨»æ€»é•¿, å¤§å®¶å¥½æˆ‘æ˜¯ç¥ç¨»æ«»ç«, å¤§å®¶å¥½æˆ‘æ˜¯ç¥ç¨»æ¨±ç«, æ—©å®‰å‘±å‘±, ç‹å‘±, å°å‘±å‘±, è®Šèº«è—¥æ°´, å˜èº«è¯æ°´, é›²éš›ç·šcloud horizon, é›²éš›ç·š, äº‘é™…çº¿, é›²éš›ç·š ç•¢æ¥­, äº‘é™…çº¿ æ¯•ä¸š, vtuber, å°V, è‡ºV, å°ç£vtuber, å°ç£ vtuber, ç•¢æ¥­, ç•¢æ¥­å…¸ç¦®, ç•¢æ¥­å€’æ•¸, æ¯•ä¸š, æ¯•ä¸šå…¸ç¤¼, æ¯•ä¸šå€’æ•°, æ­¤ç”Ÿç„¡æ‚”å…¥ç¥ç¤¾ä¾†ä¸–é‚„åšå°ç‹å‘±, æ­¤ç”Ÿç„¡æ‚”æ„›ç‘ªéº—ä¾†ä¸–é‚„åšå°ç¶¿ç¾Š, æ­¤ç”Ÿä¸æ‚”ç•¶LAç‰™ä¾†ç”Ÿé‚„åšé¢¨éˆ´è‰, Olavå¥§æ‹‰çš„ç™‚ç™’æ™‚é–“, olav, ç™‚ç™’ä¸€ä¸‹, therapeutic, ç™’ã—ã¦ã‚ã’ã‚‹ã‚ˆ, ç™‚ç™’ä¸€ä¸‹ therapeutic ç™’ã—ã¦ã‚ã’ã‚‹ã‚ˆ, æ­æ‹‰, æç¬‘, æç¬‘é »é“, ç™‚è‚²é »é“, ç™‚ç™’é »é“, è¿·éŸ³é »é“, è¿·å› , meme, åµæ, å¯¶çŸ³ç«æ´›, 2022",2022-06-25,https://i.ytimg.com/vi/YXmB_GHucWU/mqdefault.jpg,FALSE
2bc412df67b4174eb5b657077bf46d03,https://youtu.be/xYd1y9_yn5Q,å…©å€çš„å°¾å·´ç”©ç”©ï¼Œå…©å€çš„å¿«æ¨‚ã€ç¥ç¨»æ«»ç«/KAMIINA HARUHI/ç«ç«/å°ç£Vtuberã€‘ã€Olavæ­æ‹‰ã€‘#Shorts,5,UC8ryfhsuuod3AIygwZ93_Mg,Olavæ­æ‹‰,"å…©å€çš„å°¾å·´ç”©ç”©, 2å€çš„å°¾å·´ç”©ç”©, äºŒå€çš„å°¾å·´ç”©ç”©, å…©å€çš„å¿«æ¨‚, å…©å€çš„è¿·å› ç‹, ä»Šå¹´ä¸æ˜¯å…©å€å—, ç«ç«å°¾å·´ç”©ç”©, ç«ç«ç”©ç”©, ç«ç«ç”©ç”©å°¾å·´, ç”©ç”©, Shorts, ç¥ç¨»æ«»ç«, ç¥ç›œæ«»ç«, ç¥é“æ«»ç«, ç«ç«, æ«»ç«, ç¥ç¨»æ¨±ç«, ç¥ç›—æ¨±ç«, ç¥é“æ¨±ç«, æ¨±ç«, KAMIINA HARUHI, æ«»ç«å¹«, æ¨±ç«å¸®, ç¥ç¨»ç¸½é•·, ç¥ç¨»æ€»é•¿, å¤§å®¶å¥½æˆ‘æ˜¯ç¥ç¨»æ«»ç«, å¤§å®¶å¥½æˆ‘æ˜¯ç¥ç¨»æ¨±ç«, æ—©å®‰å‘±å‘±, ç‹å‘±, å°å‘±å‘±, è®Šèº«è—¥æ°´, å˜èº«è¯æ°´, é›²éš›ç·šcloud horizon, é›²éš›ç·š, äº‘é™…çº¿, é›²éš›ç·š ç•¢æ¥­, äº‘é™…çº¿ æ¯•ä¸š, vtuber, å°V, è‡ºV, å°ç£vtuber, å°ç£ vtuber, ç•¢æ¥­, ç•¢æ¥­å…¸ç¦®, ç•¢æ¥­å€’æ•¸, æ¯•ä¸š, æ¯•ä¸šå…¸ç¤¼, æ¯•ä¸šå€’æ•°, æ­¤ç”Ÿç„¡æ‚”å…¥ç¥ç¤¾ä¾†ä¸–é‚„åšå°ç‹å‘±, æ­¤ç”Ÿç„¡æ‚”æ„›ç‘ªéº—ä¾†ä¸–é‚„åšå°ç¶¿ç¾Š, æ­¤ç”Ÿä¸æ‚”ç•¶LAç‰™ä¾†ç”Ÿé‚„åšé¢¨éˆ´è‰, 2022, Olavå¥§æ‹‰çš„ç™‚ç™’æ™‚é–“, olav, ç™‚ç™’ä¸€ä¸‹, therapeutic, ç™’ã—ã¦ã‚ã’ã‚‹ã‚ˆ, ç™‚ç™’ä¸€ä¸‹ therapeutic ç™’ã—ã¦ã‚ã’ã‚‹ã‚ˆ, æ­æ‹‰, æç¬‘, æç¬‘é »é“, ç™‚è‚²é »é“, ç™‚ç™’é »é“, è¿·éŸ³é »é“, è¿·å› , meme, åµæ, å¯¶çŸ³ç«æ´›",2022-06-25,https://i.ytimg.com/vi/xYd1y9_yn5Q/mqdefault.jpg,FALSE
b4eb646475d5750858b958944f532f06,https://youtu.be/h-LRg5oE3a4,ç«ç«å°¾å·´ç”©ç”©ã€ç¥ç¨»æ«»ç«/KAMIINA HARUHI/ç«ç«/å°ç£Vtuberã€‘ã€Olavæ­æ‹‰ã€‘#Shorts,4,UC8ryfhsuuod3AIygwZ93_Mg,Olavæ­æ‹‰,"ç«ç«å°¾å·´ç”©ç”©, ç«ç«ç”©ç”©, ç«ç«ç”©ç”©å°¾å·´, ç”©ç”©, Shorts, ç¥ç¨»æ«»ç«, ç¥ç›œæ«»ç«, ç¥é“æ«»ç«, ç«ç«, æ«»ç«, ç¥ç¨»æ¨±ç«, ç¥ç›—æ¨±ç«, ç¥é“æ¨±ç«, æ¨±ç«, KAMIINA HARUHI, æ«»ç«å¹«, æ¨±ç«å¸®, ç¥ç¨»ç¸½é•·, ç¥ç¨»æ€»é•¿, å¤§å®¶å¥½æˆ‘æ˜¯ç¥ç¨»æ«»ç«, å¤§å®¶å¥½æˆ‘æ˜¯ç¥ç¨»æ¨±ç«, æ—©å®‰å‘±å‘±, ç‹å‘±, å°å‘±å‘±, è®Šèº«è—¥æ°´, å˜èº«è¯æ°´, é›²éš›ç·šcloud horizon, é›²éš›ç·š, äº‘é™…çº¿, é›²éš›ç·š ç•¢æ¥­, äº‘é™…çº¿ æ¯•ä¸š, vtuber, å°V, è‡ºV, å°ç£vtuber, å°ç£ vtuber, ç•¢æ¥­, ç•¢æ¥­å…¸ç¦®, ç•¢æ¥­å€’æ•¸, æ¯•ä¸š, æ¯•ä¸šå…¸ç¤¼, æ¯•ä¸šå€’æ•°, æ­¤ç”Ÿç„¡æ‚”å…¥ç¥ç¤¾ä¾†ä¸–é‚„åšå°ç‹å‘±, æ­¤ç”Ÿç„¡æ‚”æ„›ç‘ªéº—ä¾†ä¸–é‚„åšå°ç¶¿ç¾Š, æ­¤ç”Ÿä¸æ‚”ç•¶LAç‰™ä¾†ç”Ÿé‚„åšé¢¨éˆ´è‰, Olavå¥§æ‹‰çš„ç™‚ç™’æ™‚é–“, olav, ç™‚ç™’ä¸€ä¸‹, therapeutic, ç™’ã—ã¦ã‚ã’ã‚‹ã‚ˆ, ç™‚ç™’ä¸€ä¸‹ therapeutic ç™’ã—ã¦ã‚ã’ã‚‹ã‚ˆ, æ­æ‹‰, æç¬‘, æç¬‘é »é“, ç™‚è‚²é »é“, ç™‚ç™’é »é“, è¿·éŸ³é »é“, è¿·å› , meme, åµæ, å¯¶çŸ³ç«æ´›, 2022",2022-06-24,https://i.ytimg.com/vi/h-LRg5oE3a4/mqdefault.jpg,FALSE
71189170fa29302ff8ab3325dfb90296,https://youtu.be/ASlFhGlGUWM,ã€è‡ªå·±ç´¹ä»‹ã€‘Vtuberä¸€å•ä¸€ç­”è‡ªå·±ç´¹ä»‹ã€ç¥ç¨»æ«»ç«/KAMIINA HARUHI/ç«ç«/å°ç£Vtuberã€‘ã€Olavæ­æ‹‰ã€‘,159,UC8ryfhsuuod3AIygwZ93_Mg,Olavæ­æ‹‰,"vtuber ä¸€é—®ä¸€ç­”è‡ªå·±ç»ä»‹, vtuberä¸€é—®ä¸€ç­”è‡ªå·±ç»ä»‹, vtuber ä¸€å•ä¸€ç­”è‡ªæˆ‘ä»‹ç´¹, vtuberä¸€å•ä¸€ç­”è‡ªæˆ‘ä»‹ç´¹, vtuber ä¸€å•ä¸€ç­”è‡ªå·±ä»‹ç´¹, vtuberä¸€å•ä¸€ç­”è‡ªå·±ä»‹ç´¹, vtuber ä¸€é—®ä¸€ç­”è‡ªæˆ‘ç»ä»‹, vtuberä¸€é—®ä¸€ç­”è‡ªæˆ‘ç»ä»‹, vtuberä¸€å•ä¸€ç­”è‡ªå·±ç»ä»‹, vtuber ä¸€å•ä¸€ç­”è‡ªå·±ç»ä»‹, vtuber ä¸€é—®ä¸€ç­”è‡ªå·±ä»‹ç», vtuberä¸€é—®ä¸€ç­”è‡ªå·±ä»‹ç», è‡ºç£vtuber, è‡ºç£ vtuber, å°ç£vtuber, å°ç£ vtuber, å°æ¹¾vtuber, å°æ¹¾ vtuber, vtuber, ç¥ç¨»æ«»ç«åˆé…ä¿¡, åˆé…ä¿¡, ä¸€å•ä¸€ç­”, ç¥ç¨»æ«»ç«, æ«»ç«, ç¥ç¨»æ¨±ç«, æ¨±ç«, ç«ç«, KAMIINA HARUHI, ç”Ÿæ—¥, ç”Ÿæ—¥å¿«æ¨‚, ç”Ÿæ—¥ç¦®ç‰©, é›²éš›ç·š, ç•¢æ¥­, ç•¢æ¥­å…¸ç¦®, æ¯•ä¸š, æ¯•ä¸šå…¸ç¤¼, å°V, è‡ºV, 2022, Olavå¥§æ‹‰çš„ç™‚ç™’æ™‚é–“, olav, ç™‚ç™’ä¸€ä¸‹, ç™‚ç™’ä¸€ä¸‹ therapeutic ç™’ã—ã¦ã‚ã’ã‚‹ã‚ˆ, therapeutic, ç™’ã—ã¦ã‚ã’ã‚‹ã‚ˆ, æ­æ‹‰, æç¬‘, æç¬‘é »é“, ç™‚è‚²é »é“, ç™‚ç™’é »é“, è¿·éŸ³é »é“, è¿·å› , meme, é›²éš›ç·šcloud horizon, åµæ, å¯¶çŸ³ç«æ´›",2022-06-16,https://i.ytimg.com/vi/ASlFhGlGUWM/mqdefault.jpg,FALSE
af76f7e08e38dc0cc1672a612cc17286,https://youtu.be/U9nDd5p4w4w,ã€èŒ¸èŒ¸é¼ /ç¥ç¨»æ«»ç«ã€‘æ«»ç«å¼Ÿå¼Ÿæ˜¯è¶…ç´šå¤§èŒ¸æ°‘ï¼Ÿé€éå§Šå§Šè·Ÿä¸»æ¨èŒ¸èŒ¸é¼ è¬›è©±çš„è¶£äº‹ã€ã‚‚ã¡ã“ã¾ã‚ã€‘ã€Vtuberç²¾è¯ã€‘,560,UC0BlwrD47WgXORxpeJh6sGQ,ã‚ã¯ã‚ã¯ã€å•Šå“ˆå•Šå“ˆã€‘,"èŒ¸èŒ¸é¼ , ã‚‚ã¡ã“ã¾ã‚, Vtuber, Vtuberä¸­æ–‡å­—å¹•, Vtuberç²¾è¯, æ­Œå›, ç¥ç¨»æ«»ç«",2022-06-27,https://i.ytimg.com/vi/U9nDd5p4w4w/mqdefault.jpg,FALSE
be45de2d64dc177083845540c929e93b,https://youtu.be/XqBWIEjGFYE,ã€èŒ¸èŒ¸é¼ /ç¥ç¨»æ«»ç«ã€‘æ‰›å£©å­ Cover by ç¥ç¨»æ«»ç«&èŒ¸èŒ¸é¼ ã€ã‚‚ã¡ã“ã¾ã‚ã€‘ã€æ­Œå›ã€‘ã€Vtuberç²¾è¯ã€‘,236,UC0BlwrD47WgXORxpeJh6sGQ,ã‚ã¯ã‚ã¯ã€å•Šå“ˆå•Šå“ˆã€‘,"èŒ¸èŒ¸é¼ , ã‚‚ã¡ã“ã¾ã‚, Vtuber, Vtuberä¸­æ–‡å­—å¹•, Vtuberç²¾è¯, æ­Œå›, ç¥ç¨»æ«»ç«, æ‰›éœ¸å­, æ‰›å£©å­, å›ä»”",2022-06-26,https://i.ytimg.com/vi/XqBWIEjGFYE/mqdefault.jpg,FALSE
