videoId,title,lengthSeconds,channelId,author,keywords,publish_date,official
https://youtu.be/IzdTeiirKoE,【神稻櫻火精華】火火一大早就給大家降智打擊 請問這算歌回嗎,203,UCg62Aw5bxrbkrm2SJ0vKolQ,kiru kiru,,2021-11-15,FALSE
https://youtu.be/T4jnxCTBToA,【神稻櫻火精華】火火送大大的5ma給上班上課的狐呱 大家今天也辛苦了,62,UCg62Aw5bxrbkrm2SJ0vKolQ,kiru kiru,,2021-11-08,FALSE
https://youtu.be/3xlDBMkG3M4,【神稻櫻火精華】火火表演肥宅版本的釘宮三連 結束後還問狐呱們要不要吻他,40,UCg62Aw5bxrbkrm2SJ0vKolQ,kiru kiru,,2021-11-04,FALSE
https://youtu.be/3oJ2H1FjJEY,【神稻櫻火精華】鬼轉話題大師火火  請問狐仙聞起來是什麼味道 火火:外賣 咖哩拌飯,116,UCg62Aw5bxrbkrm2SJ0vKolQ,kiru kiru,,2021-10-31,FALSE
https://youtu.be/dWkA6F37AUo,【神稻櫻火精華】火火早餐吃太多起司蛋餅 發出了肥宅的聲音 所以今天的企劃是早餐吃到飽,23,UCg62Aw5bxrbkrm2SJ0vKolQ,kiru kiru,,2021-10-29,FALSE
https://youtu.be/sKkPLAyCmzA,【神稻櫻火精華】不可以瑟瑟 請問大家有找到異次元口袋嗎  我沒看到 然後請問大家有注意到特殊設計嗎,102,UCg62Aw5bxrbkrm2SJ0vKolQ,kiru kiru,,2021-10-26,FALSE
https://youtu.be/nfRdCk_moQg,【神稻櫻火精華】火火在直播結束前感謝了有如再生父母的事物 沒想到是一本正經的胡說八道,114,UCg62Aw5bxrbkrm2SJ0vKolQ,kiru kiru,,2021-10-24,FALSE
https://youtu.be/6Byn914lKGI,【瑪格麗特溫特斯精華】神稻櫻火(偽)珍貴聲音流出,96,UCg62Aw5bxrbkrm2SJ0vKolQ,kiru kiru,,2021-09-24,FALSE
https://youtu.be/Phrzz_JmV2E,【李李鈴蘭 神稻櫻火】「光著我的腳ㄚ子 /  戴佩妮 」┃雲際線羈絆，夢幻共演。 Cover by  Linglan Lily & KAMIINA HARUHI,219,UC9ZGawMstywa91MObSwkVWQ,油切DD,"#李李鈴蘭, #鈴蘭的寫生繪本LA, #鈴蘭的教學日誌LA, Linglan Lily",2022-03-29,FALSE
https://youtu.be/BxbUrvd-fs0,【櫻火歌回耶】40meterP－恋愛裁判｜covered by 神稻櫻火｜中日字幕｜清澈動聽足以震撼人心的歌聲,256,UCt5aPNpCynzraC_HUIc3rHg,台V上的一朵雛菊🌼,,2022-05-08,FALSE
https://youtu.be/WhFijzLNTeY,【鈴蘭精華LA】火火和瑪麗或悠白同時掉進水裡...妳要救誰！？｜「邏輯大師」蘭蘭的神回應是......｜ ft.李李鈴蘭、瑪格麗特、神稻櫻火、悠白,110,UCt5aPNpCynzraC_HUIc3rHg,台V上的一朵雛菊🌼,,2022-01-28,FALSE
https://youtu.be/_Gkppd5w0PI,【喔~蟹堡王～～】新台V直接在你出道直播唱起『美聲版蟹堡王之歌』｜神稻櫻火　#櫻火初配信,44,UCt5aPNpCynzraC_HUIc3rHg,台V上的一朵雛菊🌼,,2021-10-24,FALSE
https://youtu.be/dCz5NH29VwY,【神稻櫻火】台V迷因狐太無情了！無情單殺～無情雙殺～哭阿！！ (屮゜Д゜)屮｜【𝙈𝙀𝙈𝙀迷因】,8,UCt5aPNpCynzraC_HUIc3rHg,台V上的一朵雛菊🌼,,2021-09-29,FALSE
https://youtu.be/v3rv0wo6HtI,"【雲際線】即將""畢業""李李鈴蘭 瑪格麗特 神稻櫻火 懶人包系列  以及我想說的話   祝福三位今後各自順利",363,UC11UEoAE5b_YuC7S695AhDQ,我是小侑,,2022-06-09,FALSE
https://youtu.be/2KHWpbMwEzc,【神稻櫻火精華】不小心用狗狗清潔劑洗頭髮！？,122,UCwoldX8EmSdT0n3yTsPeq9A,【博祈達 bokida】賢者的烤肉時間,,2022-06-01,FALSE
https://youtu.be/frrNVVfK808,【神稻櫻火精華】邊唱邊逛網拍！？注意力逐漸被商品吸引走！？,128,UCwoldX8EmSdT0n3yTsPeq9A,【博祈達 bokida】賢者的烤肉時間,,2022-05-11,FALSE
https://youtu.be/G3yUJ2dxJJM,【神稻櫻火精華】還沒清醒過來！？不斷把SC講成加會員！？,83,UCwoldX8EmSdT0n3yTsPeq9A,【博祈達 bokida】賢者的烤肉時間,,2022-05-09,FALSE
https://youtu.be/6Bok6hLgFVg,【神稻櫻火精華】超坑錢的奇異杯杯！？無時無刻提醒看電影的家人！？,92,UCwoldX8EmSdT0n3yTsPeq9A,【博祈達 bokida】賢者的烤肉時間,,2022-05-06,FALSE
https://youtu.be/b8TBFmJfiKM,【神稻櫻火精華】火火被嚇到講發Q！?,79,UCwoldX8EmSdT0n3yTsPeq9A,【博祈達 bokida】賢者的烤肉時間,,2022-04-18,FALSE
https://youtu.be/WVSl8Sd56Qk,【神稻櫻火精華】神稻櫻火黑化！？要把呱呱們通通抓起來！？,53,UCwoldX8EmSdT0n3yTsPeq9A,【博祈達 bokida】賢者的烤肉時間,,2022-04-14,FALSE
https://youtu.be/EtIUJp5r0UM,【神稻櫻火精華】開播前就先抽到活動角色，邊曬卡邊哈哈大笑,34,UCwoldX8EmSdT0n3yTsPeq9A,【博祈達 bokida】賢者的烤肉時間,,2022-04-13,FALSE
https://youtu.be/fh0KNgA5uKE,【神稻櫻火精華】想要翻車卻翻不了車,89,UCwoldX8EmSdT0n3yTsPeq9A,【博祈達 bokida】賢者的烤肉時間,,2022-04-09,FALSE
https://youtu.be/g0KMiVN5unc,【神稻櫻火精華】小時候跟家人講放冰箱的巧克力，被吃掉了！？,62,UCwoldX8EmSdT0n3yTsPeq9A,【博祈達 bokida】賢者的烤肉時間,,2022-03-30,FALSE
https://youtu.be/h4MMW3d9o_0,【神稻櫻火精華】緊急狀況！！只是為了OO而使用語音！？,141,UCwoldX8EmSdT0n3yTsPeq9A,【博祈達 bokida】賢者的烤肉時間,,2022-03-26,FALSE
https://youtu.be/AEI8rnImrp8,【神稻櫻火精華】另類的ASMR！？愛邊吃東西邊讚嘆的狐,89,UCwoldX8EmSdT0n3yTsPeq9A,【博祈達 bokida】賢者的烤肉時間,,2022-03-17,FALSE
https://youtu.be/sJSNkKpXIZ8,【神稻櫻火精華】狐媽說火火喝水很大聲，然後火火就喝得更大聲了,68,UCwoldX8EmSdT0n3yTsPeq9A,【博祈達 bokida】賢者的烤肉時間,,2022-03-12,FALSE
https://youtu.be/99oyOnzPTc4,【神稻櫻火精華】不小心把歌名記成米開朗基羅！？,79,UCwoldX8EmSdT0n3yTsPeq9A,【博祈達 bokida】賢者的烤肉時間,,2022-03-09,FALSE
https://youtu.be/5Wi_LlAXHeM,【神稻櫻火精華】緊張是一種遺傳！？有其父必有其女！？,93,UCwoldX8EmSdT0n3yTsPeq9A,【博祈達 bokida】賢者的烤肉時間,,2022-02-28,FALSE
https://youtu.be/_ozqzydLwIk,【神稻櫻火精華】台語版新婚三問！？洗勒考喔！？,52,UCwoldX8EmSdT0n3yTsPeq9A,【博祈達 bokida】賢者的烤肉時間,,2022-02-17,FALSE
https://youtu.be/irWJxiQpYV0,【神稻櫻火精華】火火的新年新婚三問,78,UCwoldX8EmSdT0n3yTsPeq9A,【博祈達 bokida】賢者的烤肉時間,,2022-02-02,FALSE
https://youtu.be/B_SR2gDO2Ac,【神稻櫻火精華】想被火火用鄙視的臉看著！？,94,UCwoldX8EmSdT0n3yTsPeq9A,【博祈達 bokida】賢者的烤肉時間,,2022-01-23,FALSE
https://youtu.be/U1VrOzDSs54,【神稻櫻火精華】火火去倒水時，影片竟然自動播放了！？收工啦！,58,UCwoldX8EmSdT0n3yTsPeq9A,【博祈達 bokida】賢者的烤肉時間,,2022-01-22,FALSE
https://youtu.be/BxYPq0CYe5A,【神稻櫻火精華】火火想要瑪麗！？大小姐的答覆是⋯⋯,83,UCwoldX8EmSdT0n3yTsPeq9A,【博祈達 bokida】賢者的烤肉時間,,2022-01-14,FALSE
https://youtu.be/3v-RKckLccU,【神稻櫻火精華】火火邊唱歌邊發抖被家人發現了！？,48,UCwoldX8EmSdT0n3yTsPeq9A,【博祈達 bokida】賢者的烤肉時間,,2022-01-12,FALSE
https://youtu.be/b9DiljCpRdo,【神稻櫻火精華】小強浮雲與玩得超開心的火火！?,74,UCwoldX8EmSdT0n3yTsPeq9A,【博祈達 bokida】賢者的烤肉時間,,2022-01-02,FALSE
https://youtu.be/SIVTPpTxXCs,【神稻櫻火精華】偽·藝人之亂！？一群名人在看火火台！？,77,UCwoldX8EmSdT0n3yTsPeq9A,【博祈達 bokida】賢者的烤肉時間,,2021-12-27,FALSE
https://youtu.be/ijwqP_FBIlA,【神稻櫻火精華】這位兄弟別睡了、醒醒！來自觀眾的告白SC！？,69,UCwoldX8EmSdT0n3yTsPeq9A,【博祈達 bokida】賢者的烤肉時間,,2021-12-20,FALSE
https://youtu.be/wkhVt8z7cD0,【神稻櫻火精華】歸剛ㄟ！妹妹啊！咱們之前應該不認識吧！？,48,UCwoldX8EmSdT0n3yTsPeq9A,【博祈達 bokida】賢者的烤肉時間,,2021-11-21,FALSE
https://youtu.be/P1IEsslTFv4,【神稻櫻火精華】狐言亂語翻譯師 2！？,86,UCwoldX8EmSdT0n3yTsPeq9A,【博祈達 bokida】賢者的烤肉時間,,2021-11-18,FALSE
https://youtu.be/JQA4V3Oaqhw,【神稻櫻火精華】兔姬老師現身聊天室！？熱水狐再度燒開！？,107,UCwoldX8EmSdT0n3yTsPeq9A,【博祈達 bokida】賢者的烤肉時間,,2021-11-15,FALSE
https://youtu.be/O2SOkNkt-VI,【神稻櫻火精華】大大大禮包！聽說會附贈絲襪和口嚼酒！？,68,UCwoldX8EmSdT0n3yTsPeq9A,【博祈達 bokida】賢者的烤肉時間,,2021-11-15,FALSE
https://youtu.be/AcefRh8Leq4,【神稻櫻火精華】火火口誤讓狐呱們哭了！？火火也陪狐呱們哭哭！？,64,UCwoldX8EmSdT0n3yTsPeq9A,【博祈達 bokida】賢者的烤肉時間,,2021-11-10,FALSE
https://youtu.be/vfINAsLnLMI,【神稻櫻火精華】拍賣絲襪囉！這兩人又在OO了！？,105,UCwoldX8EmSdT0n3yTsPeq9A,【博祈達 bokida】賢者的烤肉時間,,2021-11-09,FALSE
https://youtu.be/nqZjA3Wg0m4,【神稻櫻火精華】看悠白新衣裝看到壞掉了！？,86,UCwoldX8EmSdT0n3yTsPeq9A,【博祈達 bokida】賢者的烤肉時間,,2021-11-07,FALSE
https://youtu.be/W7-gkwmpBpU,【神稻櫻火精華】新伙伴登場卻性命難保！？飢餓的狐呱們與他們的各種料理方式！？,76,UCwoldX8EmSdT0n3yTsPeq9A,【博祈達 bokida】賢者的烤肉時間,,2021-11-01,FALSE
https://youtu.be/u0G341-sRWg,【神稻櫻火精華】你們要的來了！變好吃魔法+咕嚕靈波！,53,UCwoldX8EmSdT0n3yTsPeq9A,【博祈達 bokida】賢者的烤肉時間,,2021-10-29,FALSE
https://youtu.be/iqagAXbx40E,【神稻櫻火精華】配音人格顯現！？配到快要人格分裂啦！！,108,UCwoldX8EmSdT0n3yTsPeq9A,【博祈達 bokida】賢者的烤肉時間,,2021-10-29,FALSE
https://youtu.be/L1tIRDJtxIM,【神稻櫻火精華】說過的話無法收回，只好承認！？一起玩「誰的骨盆最端正」,60,UCwoldX8EmSdT0n3yTsPeq9A,【博祈達 bokida】賢者的烤肉時間,,2021-10-28,FALSE
https://youtu.be/l8tCeA9oH-I,【神稻櫻火精華】櫻火與呱呱，一起搖擺吧～！,44,UCwoldX8EmSdT0n3yTsPeq9A,【博祈達 bokida】賢者的烤肉時間,,2021-10-28,FALSE
https://youtu.be/12nzgTFbVSQ,【神稻櫻火精華】老師，主管，訓導主任都在看台！？現在是上課時間欸！？,99,UCwoldX8EmSdT0n3yTsPeq9A,【博祈達 bokida】賢者的烤肉時間,,2021-10-28,FALSE
https://youtu.be/p2TSDPns5p4,【神稻櫻火精華】您的狐言狐語翻譯師已上線，究竟櫻火說了啥【純屬惡搞】,13,UCwoldX8EmSdT0n3yTsPeq9A,【博祈達 bokida】賢者的烤肉時間,,2021-10-25,FALSE
https://youtu.be/0E08TmiOjTQ,【李李鈴蘭精華】神稻櫻火面具的各種奇特的佩戴方式,80,UCwoldX8EmSdT0n3yTsPeq9A,【博祈達 bokida】賢者的烤肉時間,,2021-10-25,FALSE
https://youtu.be/BEWV7vA2bBQ,【神稻櫻火精華】尤達寶寶正名運動，我覺得真的有87%像啊(X,43,UCwoldX8EmSdT0n3yTsPeq9A,【博祈達 bokida】賢者的烤肉時間,,2021-10-24,FALSE
https://youtu.be/soCx8Ssh21o,【Vtuber歌回】張清芳 / 無人熟識【神稻櫻火】,274,UCl3udLcZg3GcrAg5SIlhlKg,紅蘿蔔 Carrot,"台V烤肉MAN, 台V, 台灣Vtuber, 台灣vtuber, 烤肉, 精華, 台v, 虛擬實況主, 虛擬直播主, vtuber, 中文字幕, 台V精華, 中文精華, 烤肉man, 實況精華, 台v精華, 烤肉精華, Vtuber精華, Vtuber烤肉, 神稻櫻火, 神稻櫻火 V, 神稻櫻火 烤肉, 神稻櫻火 精華, 櫻火 烤肉, 火火 烤肉, 神稻櫻火 台v, 神稻櫻火 初配信, 初配信, 紅蘿蔔, Vtuber歌回, 中文歌詞, 神稻櫻火歌回, KAMIINA HARUHI",2021-10-24,FALSE
https://youtu.be/LzYe_KxP368,【神稻櫻火】火火的起床鬧鈴,15,UCbi5-wQAHW_5Qanip1AV-Jg,笨兔Bantu,,2021-10-25,FALSE
https://youtu.be/C9xj1M3ci_I,【新夥伴迫害大會】神稻櫻火要出道LA #李李鈴蘭 #瑪格麗特溫特斯 #悠白 #雲際線,6485,UCxWAL-c1psONO_DfG-cq2iA,李李鈴蘭 / Linglan Lily 【Cloud Horizon所屬】,"鈴蘭, 李李鈴蘭, 悠白, 雲際線, Vtuber, 台V, 浮雲, 桌角, 瑪格麗特, 神稻櫻火, 玲蘭, 鈴嵐, 陵蘭, 李鈴嵐",2021-10-24,TRUE
https://youtu.be/SgFwY1eG2CM,呱呱們關心火火一個人出遊的安全[神稻櫻火 精華],175,UCDMP8qfkvyPbEn4ViXxCPjQ,微笑羊,,2022-01-09,FALSE
https://youtu.be/LmSX95Q3B2U,火火真的很努力[U白精華.神稻櫻火],179,UCDMP8qfkvyPbEn4ViXxCPjQ,微笑羊,,2021-12-19,FALSE
https://youtu.be/5thjWs6e4Cg,火火你要吸管幹嘛!!?要不先冷靜些~[神稻櫻火精華],192,UCDMP8qfkvyPbEn4ViXxCPjQ,微笑羊,,2021-12-05,FALSE
https://youtu.be/Dgyxh57aaMM,火火內心的一個小故事[神稻櫻火精華],572,UCDMP8qfkvyPbEn4ViXxCPjQ,微笑羊,,2021-11-26,FALSE
https://youtu.be/q-x-HoaYl4Q,喜歡需要理由嗎?  [神稻櫻火精華],340,UCDMP8qfkvyPbEn4ViXxCPjQ,微笑羊,,2021-11-23,FALSE
https://youtu.be/OQTyM0wPd1k,恭喜火火開會員簡單介紹一下   [V tuber 神稻櫻火],135,UCDMP8qfkvyPbEn4ViXxCPjQ,微笑羊,,2021-11-08,FALSE
https://youtu.be/iIrJ3nI6Wfw,半夜突襲開台被爸爸賣掉的火火 [V tuber 神稻櫻火],118,UCDMP8qfkvyPbEn4ViXxCPjQ,微笑羊,,2021-11-07,FALSE
https://youtu.be/AnloEtROsYY,【雲際線 畢業】李李鈴蘭、瑪格麗特、神稻櫻火 | 畢業宣布 | 歌曲合輯 【重大告知】,532,UC4TPPamIH-KlihdP9c3FlNA,嗡嗡,"#Minecraft, #夢想之都, #嗡嗡",2022-06-09,FALSE
https://youtu.be/qbyPkgU3qbE,【悠白精華】雲際線企劃 - 精明幹練優雅的OL...? With 神稻櫻火、李李鈴蘭、瑪格麗特‧溫特斯、周默 2022/05/29,1570,UCX3JkFyGq5Vtn8AnOVrXXSQ,名字隨時改Idle,字幕,2022-06-01,FALSE
https://youtu.be/m_lbmeLpXAQ,【悠白精華】走格子挑戰 - 瑪格的蔬果嘉年華 With 李李鈴蘭、瑪格麗特、神稻櫻火,2074,UCX3JkFyGq5Vtn8AnOVrXXSQ,名字隨時改Idle,字幕,2022-01-28,FALSE
https://youtu.be/JVwJd0FWBdo,【悠白精華】主辦單位 畫面很亂! With 李李鈴蘭、瑪格麗特、神稻櫻火 2022/01/10,985,UCX3JkFyGq5Vtn8AnOVrXXSQ,名字隨時改Idle,字幕,2022-01-12,FALSE
https://youtu.be/El6eSLRDFuo,【悠白精華】悠白探監日 - 沒有一個人相信是無辜的 With 星見遙、 鼠屋栗太、神稻櫻火、瑪格麗特、李李鈴蘭、蘆棠布奈、杏仁ミル  2021/09/30,1634,UCX3JkFyGq5Vtn8AnOVrXXSQ,名字隨時改Idle,字幕,2021-10-01,FALSE
https://youtu.be/dzPw3guOOmo,【神稻櫻火】上班上課辛苦了 讓火火給你一個大大的5MA吧【台V精華】,58,UC0amSWI2KNVkrsxe040_mng,Ebifurai85 炸蝦,"加鹽黑糖, 台V烤肉MAN, 黑糖, 台V, 台灣Vtuber, 台灣vtuber, 烤肉, 精華, 台v, 虛擬實況主, 虛擬直播主, vtuber, 中文字幕, 台V精華, 中文精華, 介紹, 烤肉man, 加鹽黑糖烤肉, 黑糖烤肉, 黑糖精華, 實況精華, 台v精華, 烤肉精華, Vtuber精華, Vtuber烤肉, 李李鈴蘭, 李李鈴蘭 V, 李李鈴蘭 v, 李李鈴蘭 烤肉, 李李鈴蘭 精華, 鈴蘭 烤肉, 李李 精華, 李李 烤肉, 李李鈴蘭 台v, 李李鈴蘭初配信, 初配信, Lily Linglan初配信, Lily Lingla, ebifurai 85, 炸蝦天婦羅, 炸蝦天婦羅烤肉屋, 還願Devotion, 瑪格麗特．溫特斯, 神稻櫻火",2021-11-01,FALSE
https://youtu.be/bS6tpnughJ8,【神稻櫻火】火火初配信就展現的好歌聲?! 芊芊Cover【台V精華】,256,UC0amSWI2KNVkrsxe040_mng,Ebifurai85 炸蝦,"加鹽黑糖, 台V烤肉MAN, 黑糖, 台V, 台灣Vtuber, 台灣vtuber, 烤肉, 精華, 台v, 虛擬實況主, 虛擬直播主, vtuber, 中文字幕, 台V精華, 中文精華, 介紹, 烤肉man, 加鹽黑糖烤肉, 黑糖烤肉, 黑糖精華, 實況精華, 台v精華, 烤肉精華, Vtuber精華, Vtuber烤肉, 李李鈴蘭, 李李鈴蘭 V, 李李鈴蘭 v, 李李鈴蘭 烤肉, 李李鈴蘭 精華, 鈴蘭 烤肉, 李李 精華, 李李 烤肉, 李李鈴蘭 台v, 李李鈴蘭初配信, 初配信, Lily Linglan初配信, Lily Lingla, ebifurai 85, 炸蝦天婦羅, 炸蝦天婦羅烤肉屋, 還願Devotion, 瑪格麗特．溫特斯, 神稻櫻火",2021-10-24,FALSE
https://youtu.be/c8G9lU9TlYs,【歌回】錯位時空 合唱 cover by 李李玲蘭&神稻櫻火,213,UCVRtdmrLIstxDskxU0iO2mg,purple,,2022-01-29,FALSE
https://youtu.be/T_9pJ7CuYKM,【歌回】 你的酒館對我打了烊 合唱 cover by 神稻櫻火&瑪格麗特．溫特斯,248,UCVRtdmrLIstxDskxU0iO2mg,purple,,2022-01-04,FALSE
https://youtu.be/yYfT1MqwGuY,【歌回】不醉不會 合唱 cover by 李李鈴蘭 神稻櫻火,231,UCVRtdmrLIstxDskxU0iO2mg,purple,,2021-12-20,FALSE
https://youtu.be/5zNFy40r8dc,【歌回】瑪格麗特．溫特斯&神稻櫻火  無人熟識,271,UCVRtdmrLIstxDskxU0iO2mg,purple,,2021-11-17,FALSE
https://youtu.be/6KgK6FQqFAg,【神稻櫻火精華】起司蛋餅好耶~,16,UCr_FmhHolPmsld3saBQzLpQ,彈塗魚 阿魚,,2022-04-28,FALSE
https://youtu.be/TH7Pqswe89s,【神稻櫻火-隨唱隨選】錯位時空「填不滿 半排觀眾的電影直到散 場時突然亮起燈字幕定格在某某出品和發行我目送 他們行色匆匆」中文字幕/歌枠/隨唱隨選/錯位時空/Cover 神稻櫻火,197,UCaRUeG236s1oJoJibr1x8FA,鄭丞宏,,2022-01-31,FALSE
https://youtu.be/62982YyAUqU,【12/20神稻櫻火歌回】魔鬼中的天使【神稻櫻火】,232,UCSRiP-8xluPE7qTMYkJEypg,瘋帽小綿羊,,2021-12-24,FALSE
https://youtu.be/c4CwTEdHQJI,【神稻櫻火精華】心靈呱湯，關於世事無常【神稻櫻火】,1123,UCSRiP-8xluPE7qTMYkJEypg,瘋帽小綿羊,,2021-11-23,FALSE
https://youtu.be/1z-iXcqTEkc,【神稻櫻火精華】火火式你閉閉【神稻櫻火】,8,UCSRiP-8xluPE7qTMYkJEypg,瘋帽小綿羊,,2021-10-28,FALSE
https://youtu.be/ZvL1eHceIU4,【神稻櫻火精華】來自火火的尖叫加狐言亂語合集【神稻櫻火】,835,UCSRiP-8xluPE7qTMYkJEypg,瘋帽小綿羊,,2021-10-28,FALSE
https://youtu.be/h76mKXfgZ_Y,【神稻櫻火節錄】充滿嫉妒的一人捉迷藏【神稻櫻火】,202,UCSRiP-8xluPE7qTMYkJEypg,瘋帽小綿羊,,2021-10-25,FALSE
https://youtu.be/Eo1nIYFgULQ,【神稻櫻火精華】不可以瑟瑟【神稻櫻火】,126,UCSRiP-8xluPE7qTMYkJEypg,瘋帽小綿羊,,2021-10-24,FALSE
https://youtu.be/ehi1ehDCZ6k,【神稻櫻火】「早安呱呱!!聊天唱歌!! /残酷な天使のテーゼ」┃少年よ　神話になれ!!!。 Cover : 神稻櫻火KAMIINA HARUHI,267,UCLNblgp76mUbatOVY-TPD-g,幽古YoGu的DD小頻道,,2022-05-07,FALSE
https://youtu.be/GiGCiVRrsac,【神稻櫻火】「早安呱呱!!聊天唱歌!! /恋愛裁判 」┃Oh! No! No! No!!!。 Cover : 神稻櫻火KAMIINA HARUHI,268,UCLNblgp76mUbatOVY-TPD-g,幽古YoGu的DD小頻道,,2022-05-06,FALSE
https://youtu.be/Uuhqq5tcwf4,【神稻櫻火】「深夜歌回YOOOO!!!! /變成陌生人」┃我還不夠好 抱歉 我不否認!!。 Cover : 神稻櫻火KAMIINA HARUHI,289,UCLNblgp76mUbatOVY-TPD-g,幽古YoGu的DD小頻道,,2022-04-23,FALSE
https://youtu.be/3cZ3y-gyIds,【神稻櫻火】「深夜歌回YOOOO!!!! /會呼吸的痛」┃想念是會呼吸的痛　它活在我身上所有角落!!。 Cover : 神稻櫻火KAMIINA HARUHI,308,UCLNblgp76mUbatOVY-TPD-g,幽古YoGu的DD小頻道,,2022-04-22,FALSE
https://youtu.be/swZM2L6m0gY,【神稻櫻火】「深夜歌回YOOOO!!!! /七彩的微風」┃珍珠吻仔魚!!。 Cover : 神稻櫻火KAMIINA HARUHI,310,UCLNblgp76mUbatOVY-TPD-g,幽古YoGu的DD小頻道,,2022-04-21,FALSE
https://youtu.be/8Ww7Dlm_hB4,【神稻櫻火】「深夜歌回YOOOO!!!! /KING」┃You　are　KING!!。 Cover : 神稻櫻火KAMIINA HARUHI,167,UCLNblgp76mUbatOVY-TPD-g,幽古YoGu的DD小頻道,,2022-04-20,FALSE
https://youtu.be/Wk8g8XE85xA,【神稻櫻火】「深夜歌回YOOOO!!!! / 扛壩子」┃ 扛下去扛下去 欸!!。 Cover : 神稻櫻火KAMIINA HARUHI,300,UCLNblgp76mUbatOVY-TPD-g,幽古YoGu的DD小頻道,,2022-04-18,FALSE
https://youtu.be/dt3nyaGqywg,【神稻櫻火】「深夜歌回YOOOO!!!! / 寂寞寂寞就好」┃ 我寂寞寂寞就好 這時候誰都別來安慰擁抱!!。 Cover : 神稻櫻火KAMIINA HARUHI,298,UCLNblgp76mUbatOVY-TPD-g,幽古YoGu的DD小頻道,,2022-04-17,FALSE
https://youtu.be/Dx3-TkzsUpc,【神稻櫻火】「深夜歌回YOOOO!!!! / 從前說」┃ 從前對媽媽說謊  翻山越嶺只為能與你擁抱一場!!。 Cover : 神稻櫻火KAMIINA HARUHI,273,UCLNblgp76mUbatOVY-TPD-g,幽古YoGu的DD小頻道,,2022-04-16,FALSE
https://youtu.be/jz1CmlDw3YQ,初配信回顧!!🌸狐的天啊好羞恥🌸#神稻櫻火,8099,UC_soGpcb7SORsk5yzHLMdTQ,神稻櫻火KAMIINA HARUHI 【CloudHorizon所屬】,"神稻櫻火, 悠白, 雲際線, Vtuber, 台V, 李李鈴蘭, 瑪格麗特, 浮雲, 桌角, 西貝魯, 九櫻, 秋枝",2022-06-11,TRUE
https://youtu.be/RGpihoVJms4,【重大告知】呱呱們來🌸#神稻櫻火,4088,UC_soGpcb7SORsk5yzHLMdTQ,神稻櫻火KAMIINA HARUHI 【CloudHorizon所屬】,"神稻櫻火, 悠白, 雲際線, Vtuber, 台V, 李李鈴蘭, 瑪格麗特, 浮雲, 桌角, 西貝魯, 九櫻, 秋枝",2022-06-09,TRUE
https://youtu.be/7Dz2h7jUeLo,確診狐狸回歸的早安呱呱!!!!🌸#神稻櫻火,5264,UC_soGpcb7SORsk5yzHLMdTQ,神稻櫻火KAMIINA HARUHI 【CloudHorizon所屬】,"神稻櫻火, 悠白, 雲際線, Vtuber, 台V, 李李鈴蘭, 瑪格麗特, 浮雲, 桌角, 西貝魯, 九櫻, 秋枝",2022-05-31,TRUE
https://youtu.be/SgolS43txxQ,早安呱呱!!🌸唱歌聊天逛日拍!!🌸#神稻櫻火,4527,UC_soGpcb7SORsk5yzHLMdTQ,神稻櫻火KAMIINA HARUHI 【CloudHorizon所屬】,"神稻櫻火, 悠白, 雲際線, Vtuber, 台V, 李李鈴蘭, 瑪格麗特, 浮雲, 桌角, 西貝魯, 九櫻, 秋枝",2022-05-10,TRUE
https://youtu.be/k7XmaatD2bI,突發!!星期一早安作業台!!!唱歌做作業!!🌸#神稻櫻火,4973,UC_soGpcb7SORsk5yzHLMdTQ,神稻櫻火KAMIINA HARUHI 【CloudHorizon所屬】,"神稻櫻火, 悠白, 雲際線, Vtuber, 台V, 李李鈴蘭, 瑪格麗特, 浮雲, 桌角, 西貝魯, 九櫻, 秋枝",2022-05-08,TRUE
https://youtu.be/8lLif2cX67o,早安呱呱!!聊天唱歌!!🌸#神稻櫻火,4661,UC_soGpcb7SORsk5yzHLMdTQ,神稻櫻火KAMIINA HARUHI 【CloudHorizon所屬】,"神稻櫻火, 悠白, 雲際線, Vtuber, 台V, 李李鈴蘭, 瑪格麗特, 浮雲, 桌角, 西貝魯, 九櫻, 秋枝",2022-05-05,TRUE
https://youtu.be/afzSQl40kJo,晚安呱呱。清唱歌回。🌸#神稻櫻火,3748,UC_soGpcb7SORsk5yzHLMdTQ,神稻櫻火KAMIINA HARUHI 【CloudHorizon所屬】,"神稻櫻火, 悠白, 雲際線, Vtuber, 台V, 李李鈴蘭, 瑪格麗特, 浮雲, 桌角, 西貝魯, 九櫻, 秋枝",2022-04-29,TRUE
https://youtu.be/9bPMlzrZilI,早安安呱呱呱🌸🌸🌸#神稻櫻火,6817,UC_soGpcb7SORsk5yzHLMdTQ,神稻櫻火KAMIINA HARUHI 【CloudHorizon所屬】,"神稻櫻火, 悠白, 雲際線, Vtuber, 台V, 李李鈴蘭, 瑪格麗特, 浮雲, 桌角, 西貝魯, 九櫻, 秋枝",2022-04-27,TRUE
https://youtu.be/Lm9Liwy2LRM,早安呱呱!!🌸唱唱歌🌸#神稻櫻火,6623,UC_soGpcb7SORsk5yzHLMdTQ,神稻櫻火KAMIINA HARUHI 【CloudHorizon所屬】,"神稻櫻火, 悠白, 雲際線, Vtuber, 台V, 李李鈴蘭, 瑪格麗特, 浮雲, 桌角, 西貝魯, 九櫻, 秋枝",2022-04-20,TRUE
https://youtu.be/GXJdGo83q_U,グレゴリオ ｜古川本舗 cover by 神稻櫻火 Kamiina Haruhi,320,UC_soGpcb7SORsk5yzHLMdTQ,神稻櫻火KAMIINA HARUHI 【CloudHorizon所屬】,"神稻櫻火, 悠白, 雲際線, Vtuber, 台V, 李李鈴蘭, 瑪格麗特, 浮雲, 桌角, 西貝魯, 九櫻, 秋枝",2022-04-18,TRUE
https://youtu.be/Jqoj7SO-9Xo,[陪狐玩恐怖遊戲🌸]絕命精神病院!!!🌸#神稻櫻火,5085,UC_soGpcb7SORsk5yzHLMdTQ,神稻櫻火KAMIINA HARUHI 【CloudHorizon所屬】,"神稻櫻火, 悠白, 雲際線, Vtuber, 台V, 李李鈴蘭, 瑪格麗特, 浮雲, 桌角, 西貝魯, 九櫻, 秋枝",2022-04-17,TRUE
https://youtu.be/nEAfMi02JBU,晚安呱呱2🌸哄睡療癒向歌回!!#神稻櫻火,5435,UC_soGpcb7SORsk5yzHLMdTQ,神稻櫻火KAMIINA HARUHI 【CloudHorizon所屬】,"神稻櫻火, 悠白, 雲際線, Vtuber, 台V, 李李鈴蘭, 瑪格麗特, 浮雲, 桌角, 西貝魯, 九櫻, 秋枝",2022-04-10,TRUE
https://youtu.be/F_W8YV2BcnY,早安呱呱!!練一些歌🌸🌸🌸#神稻櫻火,5589,UC_soGpcb7SORsk5yzHLMdTQ,神稻櫻火KAMIINA HARUHI 【CloudHorizon所屬】,"神稻櫻火, 悠白, 雲際線, Vtuber, 台V, 李李鈴蘭, 瑪格麗特, 浮雲, 桌角, 西貝魯, 九櫻, 秋枝",2022-04-07,TRUE
https://youtu.be/o7CR0rLh1xk,早安呱呱🐸🌸起床囉!!#神稻櫻火,5841,UC_soGpcb7SORsk5yzHLMdTQ,神稻櫻火KAMIINA HARUHI 【CloudHorizon所屬】,"神稻櫻火, 悠白, 雲際線, Vtuber, 台V, 李李鈴蘭, 瑪格麗特, 浮雲, 桌角, 西貝魯, 九櫻, 秋枝",2022-03-29,TRUE
https://youtu.be/A_7bX2EHkZs,深夜歌回YOOOO!!!!🌸#神稻櫻火,7100,UC_soGpcb7SORsk5yzHLMdTQ,神稻櫻火KAMIINA HARUHI 【CloudHorizon所屬】,"神稻櫻火, 悠白, 雲際線, Vtuber, 台V, 李李鈴蘭, 瑪格麗特, 浮雲, 桌角, 西貝魯, 九櫻, 秋枝",2022-03-28,TRUE
https://youtu.be/fDQ6E4rjmMs,午安呱呱呱🌸🐸#神稻櫻火,4040,UC_soGpcb7SORsk5yzHLMdTQ,神稻櫻火KAMIINA HARUHI 【CloudHorizon所屬】,"神稻櫻火, 悠白, 雲際線, Vtuber, 台V, 李李鈴蘭, 瑪格麗特, 浮雲, 桌角, 西貝魯, 九櫻, 秋枝",2022-03-24,TRUE
https://youtu.be/Y_hlyCroWLg,【#白火】跟悠白白一起畫畫啊啊啊啊🌸滑鼠交換繪接龍！ft. @悠白Ubye  #神稻櫻火,6047,UC_soGpcb7SORsk5yzHLMdTQ,神稻櫻火KAMIINA HARUHI 【CloudHorizon所屬】,"神稻櫻火, 悠白, 雲際線, Vtuber, 台V, 李李鈴蘭, 瑪格麗特, 浮雲, 桌角, 西貝魯, 九櫻, 秋枝",2022-03-20,TRUE
https://youtu.be/XjmrljTxCZ8,呱呱們早安呱呱🌸#神稻櫻火,8598,UC_soGpcb7SORsk5yzHLMdTQ,神稻櫻火KAMIINA HARUHI 【CloudHorizon所屬】,"神稻櫻火, 悠白, 雲際線, Vtuber, 台V, 李李鈴蘭, 瑪格麗特, 浮雲, 桌角, 西貝魯, 九櫻, 秋枝",2022-03-16,TRUE
https://youtu.be/cWCZ5QsDzfI,晚安呱呱。哄睡療癒向歌回!!🌸#神稻櫻火,4329,UC_soGpcb7SORsk5yzHLMdTQ,神稻櫻火KAMIINA HARUHI 【CloudHorizon所屬】,"神稻櫻火, 悠白, 雲際線, Vtuber, 台V, 李李鈴蘭, 瑪格麗特, 浮雲, 桌角, 西貝魯, 九櫻, 秋枝",2022-03-14,TRUE
https://youtu.be/ghaw2oENAQ0,突襲歌回!!快半年都搞錯設定的狐?!🌸#神稻櫻火,5649,UC_soGpcb7SORsk5yzHLMdTQ,神稻櫻火KAMIINA HARUHI 【CloudHorizon所屬】,"神稻櫻火, 悠白, 雲際線, Vtuber, 台V, 李李鈴蘭, 瑪格麗特, 浮雲, 桌角, 西貝魯, 九櫻, 秋枝",2022-03-12,TRUE
https://youtu.be/PCqYRMT3rD8,早安呱呱🌸🌸🌸🐸｜2022.03.10 #神稻櫻火,7434,UC_soGpcb7SORsk5yzHLMdTQ,神稻櫻火KAMIINA HARUHI 【CloudHorizon所屬】,"神稻櫻火, 悠白, 雲際線, Vtuber, 台V, 李李鈴蘭, 瑪格麗特, 浮雲, 桌角, 西貝魯, 九櫻, 秋枝",2022-03-09,TRUE
https://youtu.be/u2eP1D-XuNk,唱歌囉呱呱們!!好久不見🌸🌸🌸#神稻櫻火,3952,UC_soGpcb7SORsk5yzHLMdTQ,神稻櫻火KAMIINA HARUHI 【CloudHorizon所屬】,"神稻櫻火, 悠白, 雲際線, Vtuber, 台V, 李李鈴蘭, 瑪格麗特, 浮雲, 桌角, 西貝魯, 九櫻, 秋枝",2022-03-08,TRUE
https://youtu.be/LCyZm-_PsbY,狐去買飲料。｜神稻櫻火,17,UC_soGpcb7SORsk5yzHLMdTQ,神稻櫻火KAMIINA HARUHI 【CloudHorizon所屬】,"神稻櫻火, 悠白, 雲際線, Vtuber, 台V, 李李鈴蘭, 瑪格麗特, 浮雲, 桌角, 西貝魯, 九櫻, 秋枝",2022-02-26,TRUE
https://youtu.be/YCEt6nP49gc,【神稻櫻火官方精華】 這五百年都在看迷因,503,UC_soGpcb7SORsk5yzHLMdTQ,神稻櫻火KAMIINA HARUHI 【CloudHorizon所屬】,"神稻櫻火, 悠白, 雲際線, Vtuber, 台V, 李李鈴蘭, 瑪格麗特, 浮雲, 桌角, 西貝魯, 九櫻, 秋枝",2022-02-23,TRUE
https://youtu.be/g5-wOLEM0kY,蟾蜍繪圖台!!介紹蟾蜍🌸🌸🌸#神稻櫻火,5561,UC_soGpcb7SORsk5yzHLMdTQ,神稻櫻火KAMIINA HARUHI 【CloudHorizon所屬】,"神稻櫻火, 悠白, 雲際線, Vtuber, 台V, 李李鈴蘭, 瑪格麗特, 浮雲, 桌角, 西貝魯, 九櫻, 秋枝",2022-02-19,TRUE
https://youtu.be/EV8MGKXA7qA,早上好神社🌸現在狐有麥當勞早餐🌸#神稻櫻火,6085,UC_soGpcb7SORsk5yzHLMdTQ,神稻櫻火KAMIINA HARUHI 【CloudHorizon所屬】,"神稻櫻火, 悠白, 雲際線, Vtuber, 台V, 李李鈴蘭, 瑪格麗特, 浮雲, 桌角, 西貝魯, 九櫻, 秋枝",2022-02-16,TRUE
https://youtu.be/D-KktrNYEcY,甲蟲繪圖台🌸🌸🌸#神稻櫻火,5706,UC_soGpcb7SORsk5yzHLMdTQ,神稻櫻火KAMIINA HARUHI 【CloudHorizon所屬】,"神稻櫻火, 悠白, 雲際線, Vtuber, 台V, 李李鈴蘭, 瑪格麗特, 浮雲, 桌角, 西貝魯, 九櫻, 秋枝",2022-02-11,TRUE
https://youtu.be/nkFm6F8qb6Y,早安呱呱🌸唱歌聊天🌸#神稻櫻火,5845,UC_soGpcb7SORsk5yzHLMdTQ,神稻櫻火KAMIINA HARUHI 【CloudHorizon所屬】,"神稻櫻火, 悠白, 雲際線, Vtuber, 台V, 李李鈴蘭, 瑪格麗特, 浮雲, 桌角, 西貝魯, 九櫻, 秋枝",2022-02-08,TRUE
https://youtu.be/HpvNEjKKtKY,看看現在都幾點了突襲練歌🌸#神稻櫻火,7994,UC_soGpcb7SORsk5yzHLMdTQ,神稻櫻火KAMIINA HARUHI 【CloudHorizon所屬】,"神稻櫻火, 悠白, 雲際線, Vtuber, 台V, 李李鈴蘭, 瑪格麗特, 浮雲, 桌角, 西貝魯, 九櫻, 秋枝",2022-02-07,TRUE
https://youtu.be/ecRdBnKjEHY,新年快樂!!晚上練歌雜談台!!🌸第二回#神稻櫻火,8813,UC_soGpcb7SORsk5yzHLMdTQ,神稻櫻火KAMIINA HARUHI 【CloudHorizon所屬】,"神稻櫻火, 悠白, 雲際線, Vtuber, 台V, 李李鈴蘭, 瑪格麗特, 浮雲, 桌角, 西貝魯, 九櫻, 秋枝",2022-02-03,TRUE
https://youtu.be/11feVVcF4yw,新年快樂!!晚上練歌雜談台!!🌸#神稻櫻火,7242,UC_soGpcb7SORsk5yzHLMdTQ,神稻櫻火KAMIINA HARUHI 【CloudHorizon所屬】,"神稻櫻火, 悠白, 雲際線, Vtuber, 台V, 李李鈴蘭, 瑪格麗特, 浮雲, 桌角, 西貝魯, 九櫻, 秋枝",2022-02-01,TRUE
https://youtu.be/N_iZBDe7-Dw,早安呱呱🌸🌸🌸#神稻櫻火,7456,UC_soGpcb7SORsk5yzHLMdTQ,神稻櫻火KAMIINA HARUHI 【CloudHorizon所屬】,"神稻櫻火, 悠白, 雲際線, Vtuber, 台V, 李李鈴蘭, 瑪格麗特, 浮雲, 桌角, 西貝魯, 九櫻, 秋枝",2022-01-28,TRUE
https://youtu.be/dXN_WXWnwh4,80年代民歌精選SC感謝!!🌸#神稻櫻火,3914,UC_soGpcb7SORsk5yzHLMdTQ,神稻櫻火KAMIINA HARUHI 【CloudHorizon所屬】,"神稻櫻火, 悠白, 雲際線, Vtuber, 台V, 李李鈴蘭, 瑪格麗特, 浮雲, 桌角, 西貝魯, 九櫻, 秋枝",2022-01-27,TRUE
https://youtu.be/DRou-nA86Js,週二下午的陪上班練唱時間🌸#神稻櫻火,5369,UC_soGpcb7SORsk5yzHLMdTQ,神稻櫻火KAMIINA HARUHI 【CloudHorizon所屬】,"神稻櫻火, 悠白, 雲際線, Vtuber, 台V, 李李鈴蘭, 瑪格麗特, 浮雲, 桌角, 西貝魯, 九櫻, 秋枝",2022-01-24,TRUE
https://youtu.be/G1XT3-suun8,鬼故事後的早安呱呱!!🌸#神稻櫻火,6272,UC_soGpcb7SORsk5yzHLMdTQ,神稻櫻火KAMIINA HARUHI 【CloudHorizon所屬】,"神稻櫻火, 悠白, 雲際線, Vtuber, 台V, 李李鈴蘭, 瑪格麗特, 浮雲, 桌角, 西貝魯, 九櫻, 秋枝",2022-01-22,TRUE
https://youtu.be/KM5y2SI9EzU,呱呱們的恐怖故事分享時間!!🌸#神稻櫻火,4522,UC_soGpcb7SORsk5yzHLMdTQ,神稻櫻火KAMIINA HARUHI 【CloudHorizon所屬】,"神稻櫻火, 悠白, 雲際線, Vtuber, 台V, 李李鈴蘭, 瑪格麗特, 浮雲, 桌角, 西貝魯, 九櫻, 秋枝",2022-01-22,TRUE
https://youtu.be/3S99Z0A1nvs,聽說今天很多呱呱上班補班...?🌸陪上班練歌台來囉!!#神稻櫻火,5058,UC_soGpcb7SORsk5yzHLMdTQ,神稻櫻火KAMIINA HARUHI 【CloudHorizon所屬】,"神稻櫻火, 悠白, 雲際線, Vtuber, 台V, 李李鈴蘭, 瑪格麗特, 浮雲, 桌角, 西貝魯, 九櫻, 秋枝",2022-01-22,TRUE
https://youtu.be/GnMmgvDdONI,80年代精選歌回🌸全家一起來懷舊囉!!🌸#神稻櫻火,3260,UC_soGpcb7SORsk5yzHLMdTQ,神稻櫻火KAMIINA HARUHI 【CloudHorizon所屬】,"神稻櫻火, 悠白, 雲際線, Vtuber, 台V, 李李鈴蘭, 瑪格麗特, 浮雲, 桌角, 西貝魯, 九櫻, 秋枝",2022-01-20,TRUE
https://youtu.be/5e14z9LTk2o,突襲!!!唱歌聊天什麼都做的休閒作業台🌸#神稻櫻火,8632,UC_soGpcb7SORsk5yzHLMdTQ,神稻櫻火KAMIINA HARUHI 【CloudHorizon所屬】,"神稻櫻火, 悠白, 雲際線, Vtuber, 台V, 李李鈴蘭, 瑪格麗特, 浮雲, 桌角, 西貝魯, 九櫻, 秋枝",2022-01-13,TRUE
https://youtu.be/FI9kG1BFtp4,吃吃棉花糖🌸🌸🌸#神稻櫻火,8809,UC_soGpcb7SORsk5yzHLMdTQ,神稻櫻火KAMIINA HARUHI 【CloudHorizon所屬】,"神稻櫻火, 悠白, 雲際線, Vtuber, 台V, 李李鈴蘭, 瑪格麗特, 浮雲, 桌角, 西貝魯, 九櫻, 秋枝",2022-01-13,TRUE
https://youtu.be/OzSPpZ7kFwA,下午好呱呱!!🌸🌸🌸突襲狐狸!!!🌸#神稻櫻火,6883,UC_soGpcb7SORsk5yzHLMdTQ,神稻櫻火KAMIINA HARUHI 【CloudHorizon所屬】,"神稻櫻火, 悠白, 雲際線, Vtuber, 台V, 李李鈴蘭, 瑪格麗特, 浮雲, 桌角, 西貝魯, 九櫻, 秋枝",2022-01-12,TRUE
https://youtu.be/4IhvTNP1JyE,隨選隨唱練歌回!!🌸#神稻櫻火,9892,UC_soGpcb7SORsk5yzHLMdTQ,神稻櫻火KAMIINA HARUHI 【CloudHorizon所屬】,"神稻櫻火, 悠白, 雲際線, Vtuber, 台V, 李李鈴蘭, 瑪格麗特, 浮雲, 桌角, 西貝魯, 九櫻, 秋枝",2022-01-09,TRUE
https://youtu.be/ahd6RjDskXE,早安呱呱!!!🌸🌸🌸#神稻櫻火,6132,UC_soGpcb7SORsk5yzHLMdTQ,神稻櫻火KAMIINA HARUHI 【CloudHorizon所屬】,"神稻櫻火, 悠白, 雲際線, Vtuber, 台V, 李李鈴蘭, 瑪格麗特, 浮雲, 桌角, 西貝魯, 九櫻, 秋枝",2022-01-06,TRUE
https://youtu.be/bOBEOR0ORAk,聊聊天!!講講新的特製禮包內容!!🌸#神稻櫻火,4459,UC_soGpcb7SORsk5yzHLMdTQ,神稻櫻火KAMIINA HARUHI 【CloudHorizon所屬】,"神稻櫻火, 悠白, 雲際線, Vtuber, 台V, 李李鈴蘭, 瑪格麗特, 浮雲, 桌角, 西貝魯, 九櫻, 秋枝",2022-01-03,TRUE
https://youtu.be/27ZAltA_OFI,【假日雜談】聊聊出道到現在的事情🌸#神稻櫻火,6719,UC_soGpcb7SORsk5yzHLMdTQ,神稻櫻火KAMIINA HARUHI 【CloudHorizon所屬】,"神稻櫻火, 悠白, 雲際線, Vtuber, 台V, 李李鈴蘭, 瑪格麗特, 浮雲, 桌角, 西貝魯, 九櫻, 秋枝",2022-01-01,TRUE
https://youtu.be/BJJgQKSTZ9M,2022年 神稻櫻火的新年祝福 狐呱們新年快樂! #神稻櫻火,137,UC_soGpcb7SORsk5yzHLMdTQ,神稻櫻火KAMIINA HARUHI 【CloudHorizon所屬】,"神稻櫻火, 悠白, 雲際線, Vtuber, 台V, 李李鈴蘭, 瑪格麗特, 浮雲, 桌角, 西貝魯, 九櫻, 秋枝",2021-12-31,TRUE
https://youtu.be/gaR8nXJypjY,當時就挺突然的之兩萬呱呱感謝突襲🌸#神稻櫻火,5241,UC_soGpcb7SORsk5yzHLMdTQ,神稻櫻火KAMIINA HARUHI 【CloudHorizon所屬】,"神稻櫻火, 悠白, 雲際線, Vtuber, 台V, 李李鈴蘭, 瑪格麗特, 浮雲, 桌角, 西貝魯, 九櫻, 秋枝",2021-12-28,TRUE
https://youtu.be/By121NHbFIY,作業唱歌聊聊天🌸#神稻櫻火,7416,UC_soGpcb7SORsk5yzHLMdTQ,神稻櫻火KAMIINA HARUHI 【CloudHorizon所屬】,"神稻櫻火, 悠白, 雲際線, Vtuber, 台V, 李李鈴蘭, 瑪格麗特, 浮雲, 桌角, 西貝魯, 九櫻, 秋枝",2021-12-27,TRUE
https://youtu.be/DguA_-9I2hM,週日下午🌸聊聊天🌸#神稻櫻火,4839,UC_soGpcb7SORsk5yzHLMdTQ,神稻櫻火KAMIINA HARUHI 【CloudHorizon所屬】,"神稻櫻火, 悠白, 雲際線, Vtuber, 台V, 李李鈴蘭, 瑪格麗特, 浮雲, 桌角, 西貝魯, 九櫻, 秋枝",2021-12-26,TRUE
https://youtu.be/bcxbPtmICV4,主題歌回!!!重開!!#神稻櫻火,5993,UC_soGpcb7SORsk5yzHLMdTQ,神稻櫻火KAMIINA HARUHI 【CloudHorizon所屬】,"神稻櫻火, 悠白, 雲際線, Vtuber, 台V, 李李鈴蘭, 瑪格麗特, 浮雲, 桌角, 西貝魯, 九櫻, 秋枝",2021-12-20,TRUE
https://youtu.be/LZvl5SzkHu4,早安呱呱變成張清芳歌回？用張清芳的唱腔詮釋各種歌曲的狐狸 ｜神稻櫻火官方精華 #神稻櫻火,295,UC_soGpcb7SORsk5yzHLMdTQ,神稻櫻火KAMIINA HARUHI 【CloudHorizon所屬】,"神稻櫻火, 悠白, 雲際線, Vtuber, 台V, 李李鈴蘭, 瑪格麗特, 浮雲, 桌角, 西貝魯, 九櫻, 秋枝",2021-12-19,TRUE
https://youtu.be/RkucWSmLRAI,假日的早安呱呱!!🌸#神稻櫻火,6843,UC_soGpcb7SORsk5yzHLMdTQ,神稻櫻火KAMIINA HARUHI 【CloudHorizon所屬】,"神稻櫻火, 悠白, 雲際線, Vtuber, 台V, 李李鈴蘭, 瑪格麗特, 浮雲, 桌角, 西貝魯, 九櫻, 秋枝",2021-12-18,TRUE
https://youtu.be/OtNhXoiXuzI,狐回來了呱呱們!!🌸#神稻櫻火,4082,UC_soGpcb7SORsk5yzHLMdTQ,神稻櫻火KAMIINA HARUHI 【CloudHorizon所屬】,"神稻櫻火, 悠白, 雲際線, Vtuber, 台V, 李李鈴蘭, 瑪格麗特, 浮雲, 桌角, 西貝魯, 九櫻, 秋枝",2021-12-18,TRUE
https://youtu.be/rxGpkORQewY,伊藤潤二驚選集🐸第一.十集同時視聽🌸#神稻櫻火,7352,UC_soGpcb7SORsk5yzHLMdTQ,神稻櫻火KAMIINA HARUHI 【CloudHorizon所屬】,"神稻櫻火, 悠白, 雲際線, Vtuber, 台V, 李李鈴蘭, 瑪格麗特, 浮雲, 桌角, 西貝魯, 九櫻, 秋枝",2021-12-02,TRUE
https://youtu.be/KpFYfqnL1Fk,【恐怖遊戲實況】突發!!星期三晚上的還願🌸#神稻櫻火,6660,UC_soGpcb7SORsk5yzHLMdTQ,神稻櫻火KAMIINA HARUHI 【CloudHorizon所屬】,"神稻櫻火, 悠白, 雲際線, Vtuber, 台V, 李李鈴蘭, 瑪格麗特, 浮雲, 桌角, 西貝魯, 九櫻, 秋枝",2021-12-01,TRUE
https://youtu.be/lpRVm5pzMNM,一萬訂閱慶祝歌回!!狐呱們的故事篇!!🌸🐸#神稻櫻火,8296,UC_soGpcb7SORsk5yzHLMdTQ,神稻櫻火KAMIINA HARUHI 【CloudHorizon所屬】,"神稻櫻火, 悠白, 雲際線, Vtuber, 台V, 李李鈴蘭, 瑪格麗特, 浮雲, 桌角, 西貝魯, 九櫻, 秋枝",2021-11-27,TRUE
https://youtu.be/Y9xohSGooHQ,突襲!!練歌囉!!趴兔!!!🌸#神稻櫻火,5599,UC_soGpcb7SORsk5yzHLMdTQ,神稻櫻火KAMIINA HARUHI 【CloudHorizon所屬】,"神稻櫻火, 悠白, 雲際線, Vtuber, 台V, 李李鈴蘭, 瑪格麗特, 浮雲, 桌角, 西貝魯, 九櫻, 秋枝",2021-11-21,TRUE
https://youtu.be/MX01b3zxuyc,【恐怖遊戲實況】突發!!星期日下午的還願🌸#神稻櫻火,5713,UC_soGpcb7SORsk5yzHLMdTQ,神稻櫻火KAMIINA HARUHI 【CloudHorizon所屬】,"神稻櫻火, 悠白, 雲際線, Vtuber, 台V, 李李鈴蘭, 瑪格麗特, 浮雲, 桌角, 西貝魯, 九櫻, 秋枝",2021-11-21,TRUE
https://youtu.be/auQRQaSNzak,突襲!!練歌囉!!🌸#神稻櫻火,7415,UC_soGpcb7SORsk5yzHLMdTQ,神稻櫻火KAMIINA HARUHI 【CloudHorizon所屬】,"神稻櫻火, 悠白, 雲際線, Vtuber, 台V, 李李鈴蘭, 瑪格麗特, 浮雲, 桌角, 西貝魯, 九櫻, 秋枝",2021-11-20,TRUE
https://youtu.be/6kSnVxIVw1M,早安呱呱!!陪狐吃早餐囉!!🌸#神稻櫻火,5685,UC_soGpcb7SORsk5yzHLMdTQ,神稻櫻火KAMIINA HARUHI 【CloudHorizon所屬】,"神稻櫻火, 悠白, 雲際線, Vtuber, 台V, 李李鈴蘭, 瑪格麗特, 浮雲, 桌角, 西貝魯, 九櫻, 秋枝",2021-11-18,TRUE
https://youtu.be/imFAF2R0D7o,起司狐呱開通紀念!!內容介紹呱呱🐸 #神稻櫻火,6263,UC_soGpcb7SORsk5yzHLMdTQ,神稻櫻火KAMIINA HARUHI 【CloudHorizon所屬】,"神稻櫻火, 悠白, 雲際線, Vtuber, 台V, 李李鈴蘭, 瑪格麗特, 浮雲, 桌角, 西貝魯, 九櫻, 秋枝",2021-11-14,TRUE
https://youtu.be/bCTH7bQz4EQ,早安呱呱!!🌸打起精神來吧!!🐸 #早安呱呱 #神稻櫻火,8086,UC_soGpcb7SORsk5yzHLMdTQ,神稻櫻火KAMIINA HARUHI 【CloudHorizon所屬】,"神稻櫻火, 悠白, 雲際線, Vtuber, 台V, 李李鈴蘭, 瑪格麗特, 浮雲, 桌角, 西貝魯, 九櫻, 秋枝",2021-11-09,TRUE
https://youtu.be/b7ayjFBkoSQ,來畫悠白白新衣裝囉!!!🌸🌸🌸 #神稻櫻火,8410,UC_soGpcb7SORsk5yzHLMdTQ,神稻櫻火KAMIINA HARUHI 【CloudHorizon所屬】,"神稻櫻火, 悠白, 雲際線, Vtuber, 台V, 李李鈴蘭, 瑪格麗特, 浮雲, 桌角, 西貝魯, 九櫻, 秋枝",2021-11-08,TRUE
https://youtu.be/pigd7rIi59I,早安呱呱!!🐸狐呱們起床囉!!🌸 #早安呱呱 #神稻櫻火,7496,UC_soGpcb7SORsk5yzHLMdTQ,神稻櫻火KAMIINA HARUHI 【CloudHorizon所屬】,"神稻櫻火, 悠白, 雲際線, Vtuber, 台V, 李李鈴蘭, 瑪格麗特, 浮雲, 桌角, 西貝魯, 九櫻, 秋枝",2021-11-01,TRUE
https://youtu.be/9ueS0Wz1Hco,【吃棉花糖】陪狐吃棉花糖!!🌸🐸 #神稻櫻火,9921,UC_soGpcb7SORsk5yzHLMdTQ,神稻櫻火KAMIINA HARUHI 【CloudHorizon所屬】,"神稻櫻火, 悠白, 雲際線, Vtuber, 台V, 李李鈴蘭, 瑪格麗特, 浮雲, 桌角, 西貝魯, 九櫻, 秋枝",2021-10-29,TRUE
https://youtu.be/TLyBdSpDJFA,【吃早餐囉】突襲呱呱!!早安呀🌸 #神稻櫻火 #早安呱呱,15576,UC_soGpcb7SORsk5yzHLMdTQ,神稻櫻火KAMIINA HARUHI 【CloudHorizon所屬】,"神稻櫻火, 悠白, 雲際線, Vtuber, 台V, 李李鈴蘭, 瑪格麗特, 浮雲, 桌角, 西貝魯, 九櫻, 秋枝",2021-10-27,TRUE
https://youtu.be/nRuduZmFTCY,【吃早餐囉】是誰住在深山的大神社裡?🐸#早安呱呱  #神稻櫻火,7887,UC_soGpcb7SORsk5yzHLMdTQ,神稻櫻火KAMIINA HARUHI 【CloudHorizon所屬】,"神稻櫻火, 悠白, 雲際線, Vtuber, 台V, 李李鈴蘭, 瑪格麗特, 浮雲, 桌角, 西貝魯, 九櫻, 秋枝",2021-10-24,TRUE
https://youtu.be/I__gAfuayu8,神稻櫻火立志傳 #神稻櫻火,180,UC_soGpcb7SORsk5yzHLMdTQ,神稻櫻火KAMIINA HARUHI 【CloudHorizon所屬】,"神稻櫻火, 悠白, 雲際線, Vtuber, 台V, 李李鈴蘭, 瑪格麗特, 浮雲, 桌角, 西貝魯, 九櫻, 秋枝, 呱呱",2021-10-24,TRUE
https://youtu.be/NWaFmsXLAyU,【#初配信】初次見面呱呱!!🐸狐是神稻櫻火、歡迎來到狐的神社⛩️🌸,3537,UC_soGpcb7SORsk5yzHLMdTQ,神稻櫻火KAMIINA HARUHI 【CloudHorizon所屬】,"神稻櫻火, 悠白, 雲際線, Vtuber, 台V, 李李鈴蘭, 瑪格麗特, 浮雲, 桌角, 西貝魯, 九櫻, 秋枝",2021-10-24,TRUE
https://youtu.be/Vlz-t2idjg8,ただ君に晴れ /ヨルシカ ｜cover by 神稻櫻火 Kamiina Haruhi,200,UC_soGpcb7SORsk5yzHLMdTQ,神稻櫻火KAMIINA HARUHI 【CloudHorizon所屬】,"神稻櫻火, 悠白, 雲際線, Vtuber, 台V, 李李鈴蘭, 瑪格麗特, 浮雲, 桌角, 西貝魯, 九櫻, 秋枝",2021-10-24,TRUE
https://youtu.be/KuRZ78nmq5o,【神稻櫻火 KAMIINA HARUHI】【李李鈴蘭 Linglan Lily】牽絲戲-銀臨 & Aki阿杰 (Cover)(左右聲道)《中文歌詞》,237,UCoFi9p0ou9ZvgkKEUm4yWKg,抹茶灑烤肉,,2022-01-08,FALSE
https://youtu.be/x4pO5FZTE_0,【神稻櫻火 KAMIINA HARUHI】《2021/11/25早餐台唱歌》純剪輯作業用BGM#14,1956,UCoFi9p0ou9ZvgkKEUm4yWKg,抹茶灑烤肉,,2021-11-24,FALSE
https://youtu.be/qKGdS6Obu_o,【神稻櫻火 KAMIINA HARUHI】「熱水狐」（?）,8,UCoFi9p0ou9ZvgkKEUm4yWKg,抹茶灑烤肉,,2021-11-07,FALSE
https://youtu.be/vZ52vCb0MPE,【神稻櫻火/KAMIINA HARUHI】《2021/10/28早餐台清唱》純剪輯作業用BGM#1,995,UCoFi9p0ou9ZvgkKEUm4yWKg,抹茶灑烤肉,,2021-10-28,FALSE
https://youtu.be/o61mITKcw6U,【神稻櫻火 KAMIINA HARUHI】《神稻櫻火精華》「健康的狐狸都在一大早開台生草」,211,UCoFi9p0ou9ZvgkKEUm4yWKg,抹茶灑烤肉,,2021-10-27,FALSE
https://youtu.be/N4l554RalnA,【神稻櫻火 KAMIINA HARUHI】《無人熟識》COVER「這隻狐狸還會台語?!」,273,UCoFi9p0ou9ZvgkKEUm4yWKg,抹茶灑烤肉,,2021-10-27,FALSE
https://youtu.be/CREueHmSLVM,【神稻櫻火 KAMIINA HARUHI】《淚了》COVER「勾起大家的回憶」,269,UCoFi9p0ou9ZvgkKEUm4yWKg,抹茶灑烤肉,,2021-10-27,FALSE
https://youtu.be/B6W5FhlzbNc,【神稻櫻火 KAMIINA HARUHI】《妄想稅》COVER「可愛的火火要來收稅啦!」,213,UCoFi9p0ou9ZvgkKEUm4yWKg,抹茶灑烤肉,,2021-10-27,FALSE
https://youtu.be/H5uwPhxR9rM,【神稻櫻火 KAMIINA HARUHI】《芊芊》COVER「這隻狐狸都唱那麼高音嗎」,237,UCoFi9p0ou9ZvgkKEUm4yWKg,抹茶灑烤肉,,2021-10-27,FALSE
https://youtu.be/MW7irNrUdJ4,【神稻櫻火 KAMIINA HARUHI】《充滿忌妒的一個人捉迷藏》COVER「初配信就讓大家耳朵懷孕!?」,201,UCoFi9p0ou9ZvgkKEUm4yWKg,抹茶灑烤肉,,2021-10-26,FALSE
https://youtu.be/NL-ydGY_Hjc,【神稻櫻火】渺小【建議戴耳機】【歌回】【台灣vtuber】,285,UC4R5TJWPjsxK49bjSAIJhbQ,面碼,"Rumi懶貓子, rumiちゃんみてみて, 懶貓子, 懶貓子Rumi, 實況精華, 懶貓, 貝莉莓, ASMR, Miru, 老大, 茸茸鼠, 台灣meme, meme, 洛可洛斯特, 李李鈴蘭, 台灣迷因, 台灣, Vtuber",2022-04-28,FALSE
https://youtu.be/2n-DdpGLDyI,【神稻櫻火】年輪【建議戴耳機】【歌回】【台灣vtuber】,269,UC4R5TJWPjsxK49bjSAIJhbQ,面碼,"Rumi懶貓子, rumiちゃんみてみて, 懶貓子, 懶貓子Rumi, 實況精華, 懶貓, 貝莉莓, ASMR, Miru, 老大, 茸茸鼠, 台灣meme, meme, 洛可洛斯特, 李李鈴蘭, 台灣迷因, 台灣, Vtuber",2022-03-09,FALSE
https://youtu.be/1wII77LOgNQ,【神稻櫻火】你的酒館對我打了烊【建議戴耳機】【歌回】【台灣vtuber】,244,UC4R5TJWPjsxK49bjSAIJhbQ,面碼,"Rumi懶貓子, rumiちゃんみてみて, 懶貓子, 懶貓子Rumi, 實況精華, 懶貓, 貝莉莓, ASMR, Miru, 老大, 茸茸鼠, 台灣meme, meme, 洛可洛斯特, 李李鈴蘭, 台灣迷因, 台灣, Vtuber, 你的酒館對我打了烊",2022-01-21,FALSE
https://youtu.be/yKxvIWCdCuk,【神稻櫻火】貓頭鷹【建議戴耳機】【歌回】【台灣vtuber】,286,UC4R5TJWPjsxK49bjSAIJhbQ,面碼,"Rumi懶貓子, rumiちゃんみてみて, 懶貓子, 懶貓子Rumi, 實況精華, 懶貓, 貝莉莓, ASMR, Miru, 老大, 茸茸鼠, 台灣meme, meme, 洛可洛斯特, 李李鈴蘭, 台灣迷因, 台灣, Vtuber, 雲際線, 神稻櫻火, 迷因, MEME",2022-01-14,FALSE
https://youtu.be/lTHb2vml8Xw,【神稻櫻火】火火看迷因!【媒偵巷】【迷因】【105度】【台灣vtuber】,138,UC4R5TJWPjsxK49bjSAIJhbQ,面碼,"Rumi懶貓子, rumiちゃんみてみて, 懶貓子, 懶貓子Rumi, 實況精華, 懶貓, 貝莉莓, ASMR, Miru, 老大, 茸茸鼠, 台灣meme, meme, 洛可洛斯特, 李李鈴蘭, 台灣迷因, 台灣, Vtuber, 迷因, MEME, 神稻櫻火, 105度",2022-01-13,FALSE
https://youtu.be/5RB-lg1BDGI,【神稻櫻火】一人分飾兩角唱 涼涼【建議戴耳機】【三生三世十里桃花】【台灣vtuber】,309,UC4R5TJWPjsxK49bjSAIJhbQ,面碼,"Rumi懶貓子, rumiちゃんみてみて, 懶貓子, 懶貓子Rumi, 實況精華, 懶貓, 貝莉莓, ASMR, Miru, 老大, 茸茸鼠, 台灣meme, meme, 洛可洛斯特, 李李鈴蘭, 台灣迷因, 台灣, Vtuber",2022-01-09,FALSE
https://youtu.be/Rkr2SQlfuM8,【神稻櫻火】男子漢【建議戴耳機】【花木蘭】【台灣vtuber】,205,UC4R5TJWPjsxK49bjSAIJhbQ,面碼,"Rumi懶貓子, rumiちゃんみてみて, 懶貓子, 懶貓子Rumi, 實況精華, 懶貓, 貝莉莓, ASMR, Miru, 老大, 茸茸鼠, 台灣meme, meme, 洛可洛斯特, 李李鈴蘭, 台灣迷因, 台灣, Vtuber, 神盜櫻火, 成龍, 男子漢, 花木蘭, 吳宗憲",2022-01-06,FALSE
https://youtu.be/qyvSRPD1jc4,【神稻櫻火】好吃魔法正常版但是有限制!?神盜櫻火偷走你的心❤火火最愛的餅乾!【建議戴耳機】【台灣vtuber】,220,UC4R5TJWPjsxK49bjSAIJhbQ,面碼,"Rumi懶貓子, rumiちゃんみてみて, 懶貓子, 懶貓子Rumi, 實況精華, 懶貓, 貝莉莓, ASMR, Miru, 老大, 茸茸鼠, 台灣meme, meme, 洛可洛斯特, 李李鈴蘭, 台灣迷因, 台灣, Vtuber",2021-11-01,FALSE
https://youtu.be/L7sjfh3LBQI,【神稻櫻火】釘宮三連!?還有隱藏版【建議戴耳機】【台灣vtuber】,79,UC4R5TJWPjsxK49bjSAIJhbQ,面碼,"Rumi懶貓子, rumiちゃんみてみて, 懶貓子, 懶貓子Rumi, 實況精華, 懶貓, 貝莉莓, ASMR, Miru, 老大, 茸茸鼠, 台灣meme, meme, 洛可洛斯特, 李李鈴蘭, 台灣迷因, 台灣, Vtuber, 神稻櫻火",2021-10-30,FALSE
https://youtu.be/CiXQOQFLAPo,【神稻櫻火】施完好吃魔法的 外賣~咖哩拌飯!? 飯後甜點 你要不要吃哈密哈  【外賣咖哩拌飯】【台灣迷因】【meme】【建議戴耳機】【台灣vtuber】,89,UC4R5TJWPjsxK49bjSAIJhbQ,面碼,"Rumi懶貓子, rumiちゃんみてみて, 懶貓子, 懶貓子Rumi, 實況精華, 懶貓, 貝莉莓, ASMR, Miru, 老大, 茸茸鼠, 台灣meme, meme, 洛可洛斯特, 李李鈴蘭, 台灣迷因, 台灣, Vtuber, 神稻櫻火",2021-10-29,FALSE
https://youtu.be/odKC43W2N1M,【神稻櫻火】跟狐玩恐怖遊戲(X 學迷因囉 又ㄎㄧㄤ又可愛  【超大雙人床】【可愛的狗勾】【建議戴耳機】【台灣vtuber】,223,UC4R5TJWPjsxK49bjSAIJhbQ,面碼,"Rumi懶貓子, rumiちゃんみてみて, 懶貓子, 懶貓子Rumi, 實況精華, 懶貓, 貝莉莓, ASMR, Miru, 老大, 茸茸鼠, 台灣meme, meme, 洛可洛斯特, 李李鈴蘭, 台灣迷因, 台灣, Vtuber, 神稻櫻火",2021-10-26,FALSE
https://youtu.be/qRjvyYhGrQY,【神稻櫻火】神稻櫻火 初配信 各種真香 【初配信】【建議戴耳機】【台灣vtuber】,233,UC4R5TJWPjsxK49bjSAIJhbQ,面碼,"Rumi懶貓子, rumiちゃんみてみて, 懶貓子, 懶貓子Rumi, 實況精華, 懶貓, 貝莉莓, ASMR, Miru, 老大, 茸茸鼠, 台灣meme, meme, 洛可洛斯特, 李李鈴蘭, 台灣迷因, 台灣, Vtuber, 神稻櫻火, 狐嶽百景",2021-10-24,FALSE
https://youtu.be/vI-F-m4TSDs,【神稻櫻火】音訊轉成狐呱,87,UCXDRnMhUnTuvDEAf9N_lyRQ,白弓 隨意烤,"雲際線, CloudHorizon, 台V, Vtuber, 神稻櫻火, KamiinaHaruhi",2021-12-30,FALSE
https://youtu.be/VTEDX7E6-1M,【神稻櫻火】左手指月(神稻櫻火COVER),232,UCXDRnMhUnTuvDEAf9N_lyRQ,白弓 隨意烤,"雲際線, CloudHorizon, 台V, Vtuber, 左手指月, 神稻櫻火, KamiinaHaruhi",2021-11-20,FALSE
https://youtu.be/UH9T8skOSkk,【#雲際線企劃】精明幹練優雅的ＯＬ是什麼模樣？！期待周默的初配信！！ft. 瑪格麗特溫特斯、李李鈴蘭、神稻櫻火｜悠白Ubye #Ubye #悠白 #雲際線,6301,UC-o-1qjKkMLq-ZFxXIzOUBQ,悠白Ubye,"悠白, 浮雲, vtuber, 台V, 台灣Vtuber, holo, 彩虹, 精華, 白粉, hololive, 海尼根, 打嗝, NIJISANJI, 優白, Ubye, 悠白周年慶, 廢片, 馬拉松, 雲際線, 瑪格麗特, 瑪格麗特溫特斯, 李李鈴蘭, 神稻櫻火, Cloud Horizon, 桌角, 雲際線工作室",2022-05-29,FALSE
https://youtu.be/AaTn-Z9OGd4,【#白火】繪圖光譜上的兩個極端究竟會擦出什麼白色火花？！滑鼠交換繪接龍！ft. @神稻櫻火KAMIINA HARUHI 【CloudHorizon所屬】｜ #悠白 #Ubye,6287,UC-o-1qjKkMLq-ZFxXIzOUBQ,悠白Ubye,"悠白, 浮雲, vtuber, 台V, 台灣Vtuber, holo, 彩虹, 精華, 白粉, hololive, 海尼根, 打嗝, NIJISANJI, 優白, Ubye, 悠白周年慶, 廢片, 馬拉松, 雲際線, 瑪格麗特, 瑪格麗特溫特斯, 李李鈴蘭, 神稻櫻火, Cloud Horizon, 桌角, 雲際線工作室",2022-03-20,FALSE
https://youtu.be/mp3NOvxsr5M,【#雲際線企劃】走格子挑戰！質問與冒險的羞恥生死決鬥！ft. 瑪格麗特溫特斯、李李鈴蘭、神稻櫻火｜悠白Ubye #Ubye #悠白 #雲際線,8094,UC-o-1qjKkMLq-ZFxXIzOUBQ,悠白Ubye,"悠白, 浮雲, vtuber, 台V, 台灣Vtuber, holo, 彩虹, 精華, 白粉, hololive, 海尼根, 打嗝, NIJISANJI, 優白, Ubye, 悠白周年慶, 廢片, 馬拉松",2022-01-26,FALSE
https://youtu.be/OfYP_RzVBXQ,【聖誕特企】當悠白瘋狂對櫻火告白！悠白對櫻火告白台詞回！ft. 神稻櫻火｜悠白Ubye #U白 #悠白 #雲際線 #神稻櫻火 #白火 #白火送幸狐,12048,UC-o-1qjKkMLq-ZFxXIzOUBQ,悠白Ubye,"悠白, 浮雲, vtuber, 台V, 台灣Vtuber, holo, 彩虹, 精華, 白粉, hololive, 海尼根, 打嗝, NIJISANJI, 優白, Ubye, 悠白周年慶, 廢片, 馬拉松",2021-12-22,FALSE
https://youtu.be/CyReaha9zDc,【神稻櫻火】いぬねこ。青春真っ盛り Cover,210,UCOm3ZQCY2ySCzLYOeIYxcIg,新橋 鏡Kagami,,2022-01-30,FALSE
https://youtu.be/02EhbJiCt4I,🌸神稻櫻火兩萬訂閱祝賀影片🌸,255,UCOm3ZQCY2ySCzLYOeIYxcIg,新橋 鏡Kagami,,2021-12-28,FALSE
https://youtu.be/BHlhKYgiUGM,【神稻櫻火】在天文館坐探險車坐到哭出來的遜炮經歷,130,UCOm3ZQCY2ySCzLYOeIYxcIg,新橋 鏡Kagami,"神稻櫻火, 早安台, 迷因, 精華, 天文館",2021-11-20,FALSE
https://youtu.be/4UC_qQlqR0M,【神稻櫻火】 肥宅快樂火 群青meme,24,UCOm3ZQCY2ySCzLYOeIYxcIg,新橋 鏡Kagami,"神稻櫻火, 迷因, 廢片",2021-11-17,FALSE
https://youtu.be/jhOgWimW5-I,火火UMA❤ #神稻櫻火 #雲際線,1,UCOm3ZQCY2ySCzLYOeIYxcIg,新橋 鏡Kagami,,2021-10-29,FALSE
https://youtu.be/rvnQzkw11RM,【神稻櫻火】妄想稅/ DECO*27,213,UC0pqaEZI2HMUNihs9VV-5Pw,金口,"DECO*27, 唱歌",2021-10-24,FALSE
https://youtu.be/2m8WSFIfTWc,【神稻櫻火精華剪輯】棉花糖時間變唸SC台詞回??真不愧是看了500年電視的火火🌸🐸(請佩戴耳機收看~),857,UCOlnOa378z3sNFi7ZcfOFtQ,C.Y.R-奇亞魯,"神稻櫻火, 台v, 雲際線, KAMIINA HARUHI, 火火, 狐呱, 呱呱, 神道鷹火, 神道, 營火, 櫻火",2021-11-06,FALSE
https://youtu.be/ka5T63jCdpM,那女孩對我說/黃義達 (神稻櫻火COVER),258,UCLvHIu6SlafE3EIf0wlsPpA,GeiWoChian,,2022-02-01,FALSE
https://youtu.be/27rGGnndnaA,夢醒時分 神稻櫻火COVER,228,UCLvHIu6SlafE3EIf0wlsPpA,GeiWoChian,,2022-01-20,FALSE
https://youtu.be/QncTKm7WIF0,勇不失聯的愛  神稻櫻火COVER,254,UCLvHIu6SlafE3EIf0wlsPpA,GeiWoChian,,2022-01-20,FALSE
https://youtu.be/dqel42kdw80,會呼吸的痛 神稻櫻火COVER,243,UCLvHIu6SlafE3EIf0wlsPpA,GeiWoChian,,2022-01-18,FALSE
https://youtu.be/34wg5SFp0Zg,暖暖 神稻櫻火COVER,203,UCLvHIu6SlafE3EIf0wlsPpA,GeiWoChian,,2022-01-17,FALSE
https://youtu.be/608F-02VwjU,神稻櫻火 廢片,46,UCLvHIu6SlafE3EIf0wlsPpA,GeiWoChian,,2022-01-05,FALSE
https://youtu.be/ldjdc0Xqv7w,GHOST (神稻櫻火COVER),266,UCLvHIu6SlafE3EIf0wlsPpA,GeiWoChian,,2021-12-28,FALSE
https://youtu.be/6O15ry3jQvk,餘波盪漾 字幕版 (神稻櫻火COVER),282,UCLvHIu6SlafE3EIf0wlsPpA,GeiWoChian,,2021-12-23,FALSE
https://youtu.be/BMPjKSwJpZ4,心裡有針 (神稻櫻火COVER) #神稻櫻火,294,UCLvHIu6SlafE3EIf0wlsPpA,GeiWoChian,,2021-12-20,FALSE
https://youtu.be/et2zeN-ObaQ,【神稻櫻火剪輯精華】你們看!是不是!抽到了!!笑到形象崩壞的狐,59,UCtWSz-_uDzCJxJbDqD24fFQ,坂櫻桑,,2022-04-14,FALSE
https://youtu.be/9SiuHh0ytLY,【神稻櫻火剪輯精華】千本暈?!神稻暈火??!大家暈起來!!,137,UCtWSz-_uDzCJxJbDqD24fFQ,坂櫻桑,,2022-04-11,FALSE
https://youtu.be/PEoeKE_60qw,【神稻櫻火精華】「恋ノ行方」 - 戀愛的行蹤 QQQ~,369,UCYx0rz2tfgIuYWqNI5_9OAg,阿本,,2022-05-06,FALSE
https://youtu.be/8jMdu0apvko,【神稻櫻火精華】專屬天使-cover by 神稻櫻火 混音調整版 Plus 清唱,306,UCYx0rz2tfgIuYWqNI5_9OAg,阿本,,2022-03-12,FALSE
https://youtu.be/UxgFOAGDNMc,【神稻櫻火精華】專屬天使-cover by 神稻櫻火,276,UCYx0rz2tfgIuYWqNI5_9OAg,阿本,,2022-03-09,FALSE
https://youtu.be/jgf-AyofSKA,【神稻櫻火精華】在這座城市遺失了你(的記憶)-cover by 神稻櫻火,698,UCYx0rz2tfgIuYWqNI5_9OAg,阿本,,2022-03-08,FALSE
https://youtu.be/jqnfomHL1tk,【神稻櫻火精華】淪陷-cover by 神稻皮皮火 【片尾彩蛋】,255,UCYx0rz2tfgIuYWqNI5_9OAg,阿本,,2022-02-10,FALSE
https://youtu.be/iu6vDTku094,【神稻櫻火精華】途中-cover by 神稻櫻火,246,UCYx0rz2tfgIuYWqNI5_9OAg,阿本,,2022-02-09,FALSE
https://youtu.be/YYbHQ-LYEdE,【神稻櫻火】淚了   cover【中文字幕】,268,UCYlZ9QnGmpHtgvtkg_2N0FQ,狐狸歌唱保護協會,,2022-06-10,FALSE
https://youtu.be/EQyZznibUFs,【神稻櫻火】「いかないで」.cover【中日字幕】,238,UCYlZ9QnGmpHtgvtkg_2N0FQ,狐狸歌唱保護協會,,2022-06-10,FALSE
https://youtu.be/G9UhX6_NE4M,【神稻櫻火】你還是要幸福 . cover【中文字幕】,274,UCYlZ9QnGmpHtgvtkg_2N0FQ,狐狸歌唱保護協會,,2022-06-09,FALSE
https://youtu.be/DoiXN_EskTw,【神稻櫻火】永不失聯的愛 .cover【中文字幕】,260,UCYlZ9QnGmpHtgvtkg_2N0FQ,狐狸歌唱保護協會,,2022-06-09,FALSE
https://youtu.be/cYbkUxNhK_8,【神稻櫻火】飛鳥和蟬  cover,290,UCYlZ9QnGmpHtgvtkg_2N0FQ,狐狸歌唱保護協會,,2022-04-20,FALSE
https://youtu.be/_cBGXD0BMaI,【神稻櫻火】青花瓷  cover,238,UCYlZ9QnGmpHtgvtkg_2N0FQ,狐狸歌唱保護協會,,2022-04-13,FALSE
https://youtu.be/vxE43SQX4E8,【神稻櫻火】七彩的微風 .cover,272,UCYlZ9QnGmpHtgvtkg_2N0FQ,狐狸歌唱保護協會,,2022-03-21,FALSE
https://youtu.be/1J1RwDJs-9o,【神稻櫻火】KING. cover,137,UCYlZ9QnGmpHtgvtkg_2N0FQ,狐狸歌唱保護協會,,2022-03-20,FALSE
https://youtu.be/_8v2pnET6uo,【神稻櫻火】拜訪春天 . cover,218,UCYlZ9QnGmpHtgvtkg_2N0FQ,狐狸歌唱保護協會,,2022-03-07,FALSE
https://youtu.be/Qg5UCA1uuo0,【神稻櫻火】散場電影  cover,228,UCYlZ9QnGmpHtgvtkg_2N0FQ,狐狸歌唱保護協會,,2022-02-28,FALSE
https://youtu.be/O0GP-QWlQKQ,【神稻櫻火】微風．往事 cover,194,UCYlZ9QnGmpHtgvtkg_2N0FQ,狐狸歌唱保護協會,,2022-02-22,FALSE
https://youtu.be/icF7OakWjlg,【神稻櫻火】秋蟬 cover,222,UCYlZ9QnGmpHtgvtkg_2N0FQ,狐狸歌唱保護協會,,2022-02-22,FALSE
https://youtu.be/vLHCEjcQ6vQ,【神稻櫻火】雨櫻花 cover,260,UCYlZ9QnGmpHtgvtkg_2N0FQ,狐狸歌唱保護協會,,2022-02-21,FALSE
https://youtu.be/G0xoPtt5QHc,【神稻櫻火】紅色高跟鞋.cover,68,UCYlZ9QnGmpHtgvtkg_2N0FQ,狐狸歌唱保護協會,,2022-01-18,FALSE
https://youtu.be/Uay96JbNM7A,【神稻櫻火】挪威的森林.cover ft.火哥,158,UCYlZ9QnGmpHtgvtkg_2N0FQ,狐狸歌唱保護協會,,2022-01-11,FALSE
https://youtu.be/LX8E1NwNm4Q,【神稻櫻火】牽絲戲.cover,235,UCYlZ9QnGmpHtgvtkg_2N0FQ,狐狸歌唱保護協會,,2022-01-07,FALSE
https://youtu.be/Wn_I363AySI,【神稻櫻火】不醉不會.cover,218,UCYlZ9QnGmpHtgvtkg_2N0FQ,狐狸歌唱保護協會,,2021-12-28,FALSE
https://youtu.be/w2Nvkg1ojwc,【神稻櫻火】人間不值得.cover,288,UCYlZ9QnGmpHtgvtkg_2N0FQ,狐狸歌唱保護協會,,2021-12-04,FALSE
https://youtu.be/dO6jPA92B4A,【神稻櫻火初配信精華】淚了/曾沛慈,257,UCHubS-CPQE0P79chAqDgH7Q,地獄,,2021-10-31,FALSE
https://youtu.be/h6buKMkOO9k,【神稻櫻火初配信精華】無人熟識/張清芳,262,UCHubS-CPQE0P79chAqDgH7Q,地獄,,2021-10-31,FALSE
https://youtu.be/o3qGU4R88g8,【神稻櫻火初配信精華】芊芊/回音哥,237,UCHubS-CPQE0P79chAqDgH7Q,地獄,,2021-10-31,FALSE
https://youtu.be/3zj5QLfFBe8,珍珠美人魚—清唱片段【神稻櫻火KAMIINA HARUHI】,140,UCQDfSq2olroE1XXb5wM8GkQ,鍋鍋ポット,"#神稻櫻火, #雲際線, #早安呱呱, #台灣Vtuber, #新人Vtuber, #kamiinaHaruhi, #櫻火",2021-10-29,FALSE
https://youtu.be/8ZuvqlLO8rU,［#神稻櫻火初配信］淚了(曾沛慈)[神稻櫻火KAMIINA HARUHI],269,UCQDfSq2olroE1XXb5wM8GkQ,鍋鍋ポット,"#櫻火初配信, #台V, #神稻櫻火, #雲際線",2021-10-24,FALSE
https://youtu.be/L90ucibkHIU,【神稻櫻火剪輯】左手指月,228,UC-TIA6DkipeK4y7vYOrM7Vw,【尋錢者】浮雲遊子,,2021-11-20,FALSE
https://youtu.be/EOnWby5OHVA,【神稻櫻火剪輯】賴床邏輯大師,37,UC-TIA6DkipeK4y7vYOrM7Vw,【尋錢者】浮雲遊子,,2021-11-19,FALSE
https://youtu.be/EgtG_ruJ01I,【神稻櫻火剪輯】畜生不要吵,6,UC-TIA6DkipeK4y7vYOrM7Vw,【尋錢者】浮雲遊子,,2021-11-07,FALSE
https://youtu.be/hMm5rqfK5hQ,【神稻櫻火剪輯】我愛你,1,UC-TIA6DkipeK4y7vYOrM7Vw,【尋錢者】浮雲遊子,,2021-11-03,FALSE
https://youtu.be/wr_LHFky87M,【神稻櫻火剪輯】分享好吃的呱呱,9,UC-TIA6DkipeK4y7vYOrM7Vw,【尋錢者】浮雲遊子,,2021-11-01,FALSE
https://youtu.be/uA_FGN4QRPw,【神稻櫻火剪輯】死亡凝視,19,UC-TIA6DkipeK4y7vYOrM7Vw,【尋錢者】浮雲遊子,,2021-11-01,FALSE
https://youtu.be/-HzbT6Y7Iz4,【神稻櫻火剪輯】不小心尿尿了,19,UC-TIA6DkipeK4y7vYOrM7Vw,【尋錢者】浮雲遊子,,2021-10-29,FALSE
https://youtu.be/4ghJPEX13fw,【神稻櫻火剪輯】好吃魔法,8,UC-TIA6DkipeK4y7vYOrM7Vw,【尋錢者】浮雲遊子,,2021-10-24,FALSE
https://youtu.be/WPiMadq6J4w,【神稻櫻火剪輯】不可以色色,122,UC-TIA6DkipeK4y7vYOrM7Vw,【尋錢者】浮雲遊子,,2021-10-24,FALSE
https://youtu.be/0ImTwliRKo4,[Vtuber] PUI狐 feat.#神稻櫻火,11,UCSKiY70evw6HCljPVvG_gYA,瑋,,2022-03-19,FALSE
https://youtu.be/GfjivUicds4,[Vtuber] 悠白的初吻 feat.神稻櫻火,22,UCSKiY70evw6HCljPVvG_gYA,瑋,,2022-02-11,FALSE
https://youtu.be/fpK-JGIlhbw,【神稻櫻火】冬眠 Cover By神稻櫻火,270,UCTecf1yGSYkr6fk7h653l1g,紅蝶,,2022-03-16,FALSE
